"Published on","Unique ID","Target","Indicator","Indicator Type","Disaggregation","Year","Unit","Value","Footnote","Comments"
"28-Feb-2026 18:58","ORT-NR7ID-MN-288697-1","","7.1 Index of coastal eutrophication","","","","","","",""
"28-Feb-2026 18:57","ORT-NR7ID-MN-288685-1","","18.2 Value of subsidies and other incentives harmful to biodiversity","","","","","","","A national analytical screening conducted under the UNDP–BIOFIN subsidy repurposing methodology assessed government subsidies and incentives during 2020–2024. The rapid assessment identified approximately MNT 1.96 trillion (equivalent to approximately USD 551.2 million at 1 USD = 3,557 MNT ) in subsidies across agriculture, energy, transport, infrastructure and urban development sectors that may be harmful or potentially harmful to biodiversity. Within agriculture alone, 10 major subsidy instruments accounted for MNT 552.2 billion during 2020–2024. The assessment identified 50 subsidy instruments in total: 29 classified as clearly harmful (24 in agriculture), 21 classified as potentially harmful (16 in agriculture). These figures represent cumulative estimates for 2020–2024 and are derived from national fiscal data screened under BIOFIN methodology. They have not yet been formally adopted as official harmful subsidy accounting in national budget statistics. Annual disaggregated values are not available."
"28-Feb-2026 18:58","ORT-NR7ID-MN-288705-1","","A.1 Red List of Ecosystems","","","","","","",""
"28-Feb-2026 18:57","ORT-NR7ID-MN-288676-1","","22.1 Land-use change and land tenure in the traditional territories of indigenous peoples and local communities","","","","","","","Target 22 (respecting the traditional culture and rights of Indigenous Peoples and local communities) has not yet been fully mainstreamed into core national development policy packages (e.g., “Vision 2050”), which complicates establishing a single, standardized national reporting approach for “traditional territories” and tenure security under 22.1."
"28-Feb-2026 18:57","ORT-NR7ID-MN-288673-1","","10.1 Proportion of agricultural area under productive and sustainable agriculture","","","","","","","Mongolia has identified the global SDG indicator 2.4.1 – Proportion of agricultural area under productive and sustainable agriculture in its national SDG monitoring framework, with multiple ministries (including the Administration of Land Affairs, Geodesy and Cartography; the Ministry of Environment and Tourism; and the Ministry of Food, Agriculture and Light Industry) designated as responsible for data collection."
"28-Feb-2026 18:58","ORT-NR7ID-MN-288701-1","","C.1 Monetary benefits received in accordance with applicable internationally agreed access and benefit-sharing instruments","","","","","","",""
"28-Feb-2026 18:58","ORT-NR7ID-MN-288702-1","","B.1 Services provided by ecosystems","","","","","","",""
"28-Feb-2026 18:58","ORT-NR7ID-MN-288698-1","","5.1 Proportion of fish stocks within biologically sustainable levels","","","","","","",""
"28-Feb-2026 18:58","ORT-NR7ID-MN-288700-1","","C.2 Non-monetary benefits arising from applicable international access and benefit-sharing instruments","","","","","","",""
"28-Feb-2026 18:58","ORT-NR7ID-MN-288699-1","NT12. By 2030,  Integrate biodiversity issues into the policies and planning of all sectors.","D.2 Domestic public funding on conservation and sustainable use of biodiversity and ecosystems","headline","","2021","billion tugrik","242.9","Environmental Protection Expenditure Account and Environmental Subsidies Account.",""
"28-Feb-2026 18:58","ORT-NR7ID-MN-288699-1","NT12. By 2030,  Integrate biodiversity issues into the policies and planning of all sectors.","D.2 Domestic public funding on conservation and sustainable use of biodiversity and ecosystems","headline","","2022","billion tugrik","309.6","Environmental Protection Expenditure Account and Environmental Subsidies Account.",""
"28-Feb-2026 18:58","ORT-NR7ID-MN-288699-1","NT12. By 2030,  Integrate biodiversity issues into the policies and planning of all sectors.","D.2 Domestic public funding on conservation and sustainable use of biodiversity and ecosystems","headline","","2020","billion tugrik","355","Environmental Protection Expenditure Account and Environmental Subsidies Account.",""
"28-Feb-2026 18:58","ORT-NR7ID-MN-288699-1","NT12. By 2030,  Integrate biodiversity issues into the policies and planning of all sectors.","D.2 Domestic public funding on conservation and sustainable use of biodiversity and ecosystems","headline","","2023","billion tugrik","258","Environmental Protection Expenditure Account and Environmental Subsidies Account.",""
"28-Feb-2026 18:57","ORT-NR7ID-MN-288679-1","","21.1 Indicator on biodiversity information for monitoring the Kunming-Montreal Global Biodiversity Framework","","","","","","","Mongolia has established and expanded national biodiversity information systems (including the Environmental Information Database with multiple biodiversity-related sub-databases and monitoring modules, and the egazar.gov.mn “Biodiversity Statistics” platform). However, biodiversity data remain distributed across multiple systems with uneven updating, interoperability limitations, and incomplete integration of research and international datasets."
"28-Feb-2026 18:58","ORT-NR7ID-MN-288690-1","NT01. By 2030, reduce biodiversity loss and maintain ecological integrity by including all territory in spatial planning and ensuring effective management.","Ecosystem Category (WWF Mongolia)","national","Agriculture","2020","hectares","1268506.5","Ecosystem classes, WWF Mongolia",""
"28-Feb-2026 18:58","ORT-NR7ID-MN-288690-1","NT01. By 2030, reduce biodiversity loss and maintain ecological integrity by including all territory in spatial planning and ensuring effective management.","Ecosystem Category (WWF Mongolia)","national","Permanent rivers and floodplains","2020","hectares","7052707.8","Ecosystem classes, WWF Mongolia",""
"28-Feb-2026 18:58","ORT-NR7ID-MN-288690-1","NT01. By 2030, reduce biodiversity loss and maintain ecological integrity by including all territory in spatial planning and ensuring effective management.","Ecosystem Category (WWF Mongolia)","national","True desert","2020","hectares","12101045.8","Ecosystem classes, WWF Mongolia",""
"28-Feb-2026 18:58","ORT-NR7ID-MN-288690-1","NT01. By 2030, reduce biodiversity loss and maintain ecological integrity by including all territory in spatial planning and ensuring effective management.","Ecosystem Category (WWF Mongolia)","national","Sand dunes","2020","hectares","3314182.2","Ecosystem classes, WWF Mongolia",""
"28-Feb-2026 18:58","ORT-NR7ID-MN-288690-1","NT01. By 2030, reduce biodiversity loss and maintain ecological integrity by including all territory in spatial planning and ensuring effective management.","Ecosystem Category (WWF Mongolia)","national","Mixed forest","2020","hectares","6738796.6","Ecosystem classes, WWF Mongolia",""
"28-Feb-2026 18:58","ORT-NR7ID-MN-288690-1","NT01. By 2030, reduce biodiversity loss and maintain ecological integrity by including all territory in spatial planning and ensuring effective management.","Ecosystem Category (WWF Mongolia)","national","High mountain alpine","2020","hectares","1626076","Ecosystem classes, WWF Mongolia",""
"28-Feb-2026 18:58","ORT-NR7ID-MN-288690-1","NT01. By 2030, reduce biodiversity loss and maintain ecological integrity by including all territory in spatial planning and ensuring effective management.","Ecosystem Category (WWF Mongolia)","national","Alpine meadow","2020","hectares","5464042.9","Ecosystem classes, WWF Mongolia",""
"28-Feb-2026 18:58","ORT-NR7ID-MN-288690-1","NT01. By 2030, reduce biodiversity loss and maintain ecological integrity by including all territory in spatial planning and ensuring effective management.","Ecosystem Category (WWF Mongolia)","national","Mountain taiga","2020","hectares","2785863.7","Ecosystem classes, WWF Mongolia",""
"28-Feb-2026 18:58","ORT-NR7ID-MN-288690-1","NT01. By 2030, reduce biodiversity loss and maintain ecological integrity by including all territory in spatial planning and ensuring effective management.","Ecosystem Category (WWF Mongolia)","national","Semi-dry steppe","2020","hectares","17183524.3","Ecosystem classes, WWF Mongolia",""
"28-Feb-2026 18:58","ORT-NR7ID-MN-288690-1","NT01. By 2030, reduce biodiversity loss and maintain ecological integrity by including all territory in spatial planning and ensuring effective management.","Ecosystem Category (WWF Mongolia)","national","High mountain steppe","2020","hectares","4129235.4","Ecosystem classes, WWF Mongolia",""
"28-Feb-2026 18:58","ORT-NR7ID-MN-288690-1","NT01. By 2030, reduce biodiversity loss and maintain ecological integrity by including all territory in spatial planning and ensuring effective management.","Ecosystem Category (WWF Mongolia)","national","Desert steppe","2020","hectares","30293371.2","Ecosystem classes, WWF Mongolia",""
"28-Feb-2026 18:58","ORT-NR7ID-MN-288690-1","NT01. By 2030, reduce biodiversity loss and maintain ecological integrity by including all territory in spatial planning and ensuring effective management.","Ecosystem Category (WWF Mongolia)","national","Freshwater lakes","2020","hectares","1288129.2","Ecosystem classes, WWF Mongolia",""
"28-Feb-2026 18:58","ORT-NR7ID-MN-288690-1","NT01. By 2030, reduce biodiversity loss and maintain ecological integrity by including all territory in spatial planning and ensuring effective management.","Ecosystem Category (WWF Mongolia)","national","Permanent snow/glaciers","2020","hectares","94907.5","Ecosystem classes, WWF Mongolia",""
"28-Feb-2026 18:58","ORT-NR7ID-MN-288690-1","NT01. By 2030, reduce biodiversity loss and maintain ecological integrity by including all territory in spatial planning and ensuring effective management.","Ecosystem Category (WWF Mongolia)","national","Depressions and salt marshes","2020","hectares","3463984.7","Ecosystem classes, WWF Mongolia",""
"28-Feb-2026 18:58","ORT-NR7ID-MN-288690-1","NT01. By 2030, reduce biodiversity loss and maintain ecological integrity by including all territory in spatial planning and ensuring effective management.","Ecosystem Category (WWF Mongolia)","national","Dry steppe","2020","hectares","23222677.4","Ecosystem classes, WWF Mongolia",""
"28-Feb-2026 18:58","ORT-NR7ID-MN-288690-1","NT01. By 2030, reduce biodiversity loss and maintain ecological integrity by including all territory in spatial planning and ensuring effective management.","Ecosystem Category (WWF Mongolia)","national","Ephemeral rivers and dry beds","2020","hectares","586282.7","Ecosystem classes, WWF Mongolia",""
"28-Feb-2026 18:58","ORT-NR7ID-MN-288690-1","NT01. By 2030, reduce biodiversity loss and maintain ecological integrity by including all territory in spatial planning and ensuring effective management.","Ecosystem Category (WWF Mongolia)","national","Extreme arid desert","2020","hectares","5596946.9","Ecosystem classes, WWF Mongolia",""
"28-Feb-2026 18:58","ORT-NR7ID-MN-288690-1","NT01. By 2030, reduce biodiversity loss and maintain ecological integrity by including all territory in spatial planning and ensuring effective management.","Ecosystem Category (WWF Mongolia)","national","Meadow steppe","2020","hectares","16678504.3","Ecosystem classes, WWF Mongolia",""
"28-Feb-2026 18:58","ORT-NR7ID-MN-288690-1","NT01. By 2030, reduce biodiversity loss and maintain ecological integrity by including all territory in spatial planning and ensuring effective management.","Ecosystem Category (WWF Mongolia)","national","Settlement areas","2020","hectares","825418.1","Ecosystem classes, WWF Mongolia",""
"28-Feb-2026 18:58","ORT-NR7ID-MN-288690-1","NT01. By 2030, reduce biodiversity loss and maintain ecological integrity by including all territory in spatial planning and ensuring effective management.","Ecosystem Category (WWF Mongolia)","national","Steppe-desert","2020","hectares","11641030.2","Ecosystem classes, WWF Mongolia",""
"28-Feb-2026 18:58","ORT-NR7ID-MN-288690-1","NT01. By 2030, reduce biodiversity loss and maintain ecological integrity by including all territory in spatial planning and ensuring effective management.","Ecosystem Category (WWF Mongolia)","national","Sub-alpine sparse forest","2020","hectares","2335709.2","Ecosystem classes, WWF Mongolia",""
"28-Feb-2026 18:58","ORT-NR7ID-MN-288696-2","","7.2 Pesticide environment concentration and/or aggregated total applied toxicity","","","","","","",""
"28-Feb-2026 18:58","ORT-NR7ID-MN-288695-1","","9.1 Benefits from the sustainable use of wild species","","","","","","",""
"28-Feb-2026 18:57","ORT-NR7ID-MN-288680-1","NT12. By 2030,  Integrate biodiversity issues into the policies and planning of all sectors.","D.3 Private funding (domestic and international) on conservation and sustainable use of biodiversity and ecosystems","headline","","2022","million USD","783.21","In analyzing private sector biodiversity-related expenditures, data collection focused on the Top 100 companies identified by the Mongolian National Chamber of Commerce and Industry, as well as major mining companies. The combined revenues of Mongolia’s Top 100 enterprises account for approximately 70 percent of national GDP, indicating a high level of representativeness relative to the population of approximately 87,000 active legal entities as of 2024. Data on biodiversity-related expenditures were collected through a review of corporate social responsibility and sustainability reports, as well as publicly available information disclosed through media sources. Where such information was not available, standardized questionnaires were distributed to enterprises to collect data on biodiversity- and environment-related expenditures.",""
"28-Feb-2026 18:57","ORT-NR7ID-MN-288680-1","NT12. By 2030,  Integrate biodiversity issues into the policies and planning of all sectors.","D.3 Private funding (domestic and international) on conservation and sustainable use of biodiversity and ecosystems","headline","","2021","million USD","296.99","In analyzing private sector biodiversity-related expenditures, data collection focused on the Top 100 companies identified by the Mongolian National Chamber of Commerce and Industry, as well as major mining companies. The combined revenues of Mongolia’s Top 100 enterprises account for approximately 70 percent of national GDP, indicating a high level of representativeness relative to the population of approximately 87,000 active legal entities as of 2024. Data on biodiversity-related expenditures were collected through a review of corporate social responsibility and sustainability reports, as well as publicly available information disclosed through media sources. Where such information was not available, standardized questionnaires were distributed to enterprises to collect data on biodiversity- and environment-related expenditures.",""
"28-Feb-2026 18:57","ORT-NR7ID-MN-288680-1","NT12. By 2030,  Integrate biodiversity issues into the policies and planning of all sectors.","D.3 Private funding (domestic and international) on conservation and sustainable use of biodiversity and ecosystems","headline","","2023","million USD","782.01","In analyzing private sector biodiversity-related expenditures, data collection focused on the Top 100 companies identified by the Mongolian National Chamber of Commerce and Industry, as well as major mining companies. The combined revenues of Mongolia’s Top 100 enterprises account for approximately 70 percent of national GDP, indicating a high level of representativeness relative to the population of approximately 87,000 active legal entities as of 2024. Data on biodiversity-related expenditures were collected through a review of corporate social responsibility and sustainability reports, as well as publicly available information disclosed through media sources. Where such information was not available, standardized questionnaires were distributed to enterprises to collect data on biodiversity- and environment-related expenditures.",""
"28-Feb-2026 18:57","ORT-NR7ID-MN-288680-1","NT12. By 2030,  Integrate biodiversity issues into the policies and planning of all sectors.","D.3 Private funding (domestic and international) on conservation and sustainable use of biodiversity and ecosystems","headline","","2020","million USD","270.03","In analyzing private sector biodiversity-related expenditures, data collection focused on the Top 100 companies identified by the Mongolian National Chamber of Commerce and Industry, as well as major mining companies. The combined revenues of Mongolia’s Top 100 enterprises account for approximately 70 percent of national GDP, indicating a high level of representativeness relative to the population of approximately 87,000 active legal entities as of 2024. Data on biodiversity-related expenditures were collected through a review of corporate social responsibility and sustainability reports, as well as publicly available information disclosed through media sources. Where such information was not available, standardized questionnaires were distributed to enterprises to collect data on biodiversity- and environment-related expenditures.",""
"28-Feb-2026 18:57","ORT-NR7ID-MN-288680-1","NT12. By 2030,  Integrate biodiversity issues into the policies and planning of all sectors.","D.3 Private funding (domestic and international) on conservation and sustainable use of biodiversity and ecosystems","headline","","2024","million USD","766.29","In analyzing private sector biodiversity-related expenditures, data collection focused on the Top 100 companies identified by the Mongolian National Chamber of Commerce and Industry, as well as major mining companies. The combined revenues of Mongolia’s Top 100 enterprises account for approximately 70 percent of national GDP, indicating a high level of representativeness relative to the population of approximately 87,000 active legal entities as of 2024. Data on biodiversity-related expenditures were collected through a review of corporate social responsibility and sustainability reports, as well as publicly available information disclosed through media sources. Where such information was not available, standardized questionnaires were distributed to enterprises to collect data on biodiversity- and environment-related expenditures.",""
"28-Feb-2026 18:57","ORT-NR7ID-MN-288683-1","NT03. By 2030, 30% of the country's total area will be included in the special protected area network, representing major ecosystem types and strengthening ecological connectivity.","3.1 Coverage of protected areas and other effective area-based conservation measures","headline","Other effective area-based conservation measures","2020","%","15.01","",""
"28-Feb-2026 18:57","ORT-NR7ID-MN-288683-1","NT03. By 2030, 30% of the country's total area will be included in the special protected area network, representing major ecosystem types and strengthening ecological connectivity.","3.1 Coverage of protected areas and other effective area-based conservation measures","headline","Coverage of protected areas (terrestrial areas)","2024","%","20.77","",""
"28-Feb-2026 18:57","ORT-NR7ID-MN-288683-1","NT03. By 2030, 30% of the country's total area will be included in the special protected area network, representing major ecosystem types and strengthening ecological connectivity.","3.1 Coverage of protected areas and other effective area-based conservation measures","headline","Coverage of protected areas (terrestrial areas)","2022","%","20.77","",""
"28-Feb-2026 18:57","ORT-NR7ID-MN-288683-1","NT03. By 2030, 30% of the country's total area will be included in the special protected area network, representing major ecosystem types and strengthening ecological connectivity.","3.1 Coverage of protected areas and other effective area-based conservation measures","headline","Coverage of protected areas (terrestrial areas)","2025","%","20.77","",""
"28-Feb-2026 18:57","ORT-NR7ID-MN-288683-1","NT03. By 2030, 30% of the country's total area will be included in the special protected area network, representing major ecosystem types and strengthening ecological connectivity.","3.1 Coverage of protected areas and other effective area-based conservation measures","headline","Coverage of protected areas (terrestrial areas)","2023","%","20.77","",""
"28-Feb-2026 18:57","ORT-NR7ID-MN-288683-1","NT03. By 2030, 30% of the country's total area will be included in the special protected area network, representing major ecosystem types and strengthening ecological connectivity.","3.1 Coverage of protected areas and other effective area-based conservation measures","headline","Coverage of protected areas (terrestrial areas)","2021","%","20.77","",""
"28-Feb-2026 18:57","ORT-NR7ID-MN-288683-1","NT03. By 2030, 30% of the country's total area will be included in the special protected area network, representing major ecosystem types and strengthening ecological connectivity.","3.1 Coverage of protected areas and other effective area-based conservation measures","headline","Coverage of protected areas (terrestrial areas)","2020","%","20.77","",""
"28-Feb-2026 18:57","ORT-NR7ID-MN-288683-1","NT03. By 2030, 30% of the country's total area will be included in the special protected area network, representing major ecosystem types and strengthening ecological connectivity.","3.1 Coverage of protected areas and other effective area-based conservation measures","headline","Other effective area-based conservation measures","2021","%","16.94","",""
"28-Feb-2026 18:57","ORT-NR7ID-MN-288683-1","NT03. By 2030, 30% of the country's total area will be included in the special protected area network, representing major ecosystem types and strengthening ecological connectivity.","3.1 Coverage of protected areas and other effective area-based conservation measures","headline","Other effective area-based conservation measures","2025","%","18.9","",""
"28-Feb-2026 18:57","ORT-NR7ID-MN-288683-1","NT03. By 2030, 30% of the country's total area will be included in the special protected area network, representing major ecosystem types and strengthening ecological connectivity.","3.1 Coverage of protected areas and other effective area-based conservation measures","headline","Other effective area-based conservation measures","2022","%","17.55","",""
"28-Feb-2026 18:57","ORT-NR7ID-MN-288683-1","NT03. By 2030, 30% of the country's total area will be included in the special protected area network, representing major ecosystem types and strengthening ecological connectivity.","3.1 Coverage of protected areas and other effective area-based conservation measures","headline","Other effective area-based conservation measures","2024","%","18.31","",""
"28-Feb-2026 18:57","ORT-NR7ID-MN-288683-1","NT03. By 2030, 30% of the country's total area will be included in the special protected area network, representing major ecosystem types and strengthening ecological connectivity.","3.1 Coverage of protected areas and other effective area-based conservation measures","headline","Other effective area-based conservation measures","2023","%","18.03","",""
"28-Feb-2026 18:57","ORT-NR7ID-MN-288681-1","NT02. By 2030, restore at least 30 percent of degraded ecosystems and improve ecological integrity and connectivity.","2.1 Area under restoration","headline","T7 Intensive land-use biome","2022","ha","121943","",""
"28-Feb-2026 18:57","ORT-NR7ID-MN-288681-1","NT02. By 2030, restore at least 30 percent of degraded ecosystems and improve ecological integrity and connectivity.","2.1 Area under restoration","headline","F1 Rivers and streams biome","2024","ha","56517.78","",""
"28-Feb-2026 18:57","ORT-NR7ID-MN-288681-1","NT02. By 2030, restore at least 30 percent of degraded ecosystems and improve ecological integrity and connectivity.","2.1 Area under restoration","headline","T2 Temperate-boreal forests and woodlands biome","2022","ha","55773.2","",""
"28-Feb-2026 18:57","ORT-NR7ID-MN-288681-1","NT02. By 2030, restore at least 30 percent of degraded ecosystems and improve ecological integrity and connectivity.","2.1 Area under restoration","headline","T4 Savannas and grasslands biome","2023","ha","3541990","",""
"28-Feb-2026 18:57","ORT-NR7ID-MN-288681-1","NT02. By 2030, restore at least 30 percent of degraded ecosystems and improve ecological integrity and connectivity.","2.1 Area under restoration","headline","T4 Savannas and grasslands biome","2024","ha","3167790","",""
"28-Feb-2026 18:57","ORT-NR7ID-MN-288681-1","NT02. By 2030, restore at least 30 percent of degraded ecosystems and improve ecological integrity and connectivity.","2.1 Area under restoration","headline","F1 Rivers and streams biome","2023","ha","26020","",""
"28-Feb-2026 18:57","ORT-NR7ID-MN-288681-1","NT02. By 2030, restore at least 30 percent of degraded ecosystems and improve ecological integrity and connectivity.","2.1 Area under restoration","headline","T2 Temperate-boreal forests and woodlands biome","2024","ha","246253.77","",""
"28-Feb-2026 18:57","ORT-NR7ID-MN-288681-1","NT02. By 2030, restore at least 30 percent of degraded ecosystems and improve ecological integrity and connectivity.","2.1 Area under restoration","headline","T4 Savannas and grasslands biome","2022","ha","1351896.8","",""
"28-Feb-2026 18:57","ORT-NR7ID-MN-288681-1","NT02. By 2030, restore at least 30 percent of degraded ecosystems and improve ecological integrity and connectivity.","2.1 Area under restoration","headline","T7 Intensive land-use biome","2021","ha","393200","",""
"28-Feb-2026 18:57","ORT-NR7ID-MN-288681-1","NT02. By 2030, restore at least 30 percent of degraded ecosystems and improve ecological integrity and connectivity.","2.1 Area under restoration","headline","T2 Temperate-boreal forests and woodlands biome","2023","ha","98544.86","",""
"28-Feb-2026 18:57","ORT-NR7ID-MN-288681-1","NT02. By 2030, restore at least 30 percent of degraded ecosystems and improve ecological integrity and connectivity.","2.1 Area under restoration","headline","T4 Savannas and grasslands biome","2021","ha","2704400","",""
"28-Feb-2026 18:57","ORT-NR7ID-MN-288681-1","NT02. By 2030, restore at least 30 percent of degraded ecosystems and improve ecological integrity and connectivity.","2.1 Area under restoration","headline","T7 Intensive land-use biome","2023","ha","229199.3","",""
"28-Feb-2026 18:57","ORT-NR7ID-MN-288681-1","NT02. By 2030, restore at least 30 percent of degraded ecosystems and improve ecological integrity and connectivity.","2.1 Area under restoration","headline","F1 Rivers and streams biome","2022","ha","14841.3","",""
"28-Feb-2026 18:57","ORT-NR7ID-MN-288681-1","NT02. By 2030, restore at least 30 percent of degraded ecosystems and improve ecological integrity and connectivity.","2.1 Area under restoration","headline","T2 Temperate-boreal forests and woodlands biome","2021","ha","61500","",""
"28-Feb-2026 18:57","ORT-NR7ID-MN-288681-1","NT02. By 2030, restore at least 30 percent of degraded ecosystems and improve ecological integrity and connectivity.","2.1 Area under restoration","headline","T7 Intensive land-use biome","2024","ha","201916","",""
"28-Feb-2026 18:57","ORT-NR7ID-MN-288681-1","NT02. By 2030, restore at least 30 percent of degraded ecosystems and improve ecological integrity and connectivity.","2.1 Area under restoration","headline","F1 Rivers and streams biome","2021","ha","58600","",""
"28-Feb-2026 18:57","ORT-NR7ID-MN-288682-2","NT05. By 2030, register, control, and assess the impacts of invasive alien species, while building the capacity to combat and prevent their adverse effects.","6.1 Rate of invasive alien species establishment","headline","Fish","2024","number of species","13","Based on available national data on alien fish species; represents species inventory rather than modelled establishment rate.",""
"28-Feb-2026 18:57","ORT-NR7ID-MN-288682-2","NT05. By 2030, register, control, and assess the impacts of invasive alien species, while building the capacity to combat and prevent their adverse effects.","6.1 Rate of invasive alien species establishment","headline","Mammals","2013","number of species","5","Based on published assessment of alien mammals in Mongolia; represents species inventory rather than modelled establishment rate. Source: Shar et al. (2013).",""
"28-Feb-2026 18:57","ORT-NR7ID-MN-288682-2","NT05. By 2030, register, control, and assess the impacts of invasive alien species, while building the capacity to combat and prevent their adverse effects.","6.1 Rate of invasive alien species establishment","headline","Fungi","2024","number of species","18","Based on global database of alien macrofungi; represents species inventory rather than modelled establishment rate. Source: Monteiro et al.",""
"28-Feb-2026 18:57","ORT-NR7ID-MN-288682-2","NT05. By 2030, register, control, and assess the impacts of invasive alien species, while building the capacity to combat and prevent their adverse effects.","6.1 Rate of invasive alien species establishment","headline","Insects","2010","number of species","27","Based on national literature on agricultural pests; represents species inventory rather than modelled establishment rate. Source: Chuluunjav (2010).",""
"28-Feb-2026 18:57","ORT-NR7ID-MN-288682-2","NT05. By 2030, register, control, and assess the impacts of invasive alien species, while building the capacity to combat and prevent their adverse effects.","6.1 Rate of invasive alien species establishment","headline","Flora","2024","number of species","154","Based on national compilation of alien flora; this represents species inventory rather than modelled establishment rate. Source: Gundegmaa et al. (2024).",""
"28-Feb-2026 18:58","ORT-NR7ID-MN-288687-1","NT09. By 2030, increase the benefits of nature to people through ecosystem services derived from nature-based solutions.","12.1 Average share of the built-up area of cities that is green or blue space for public use for all","headline","green space","2016","m²/person","1.7","",""
"28-Feb-2026 18:58","ORT-NR7ID-MN-288687-1","NT09. By 2030, increase the benefits of nature to people through ecosystem services derived from nature-based solutions.","12.1 Average share of the built-up area of cities that is green or blue space for public use for all","headline","green space","2023","m²/person","6.5","",""
"28-Feb-2026 18:58","ORT-NR7ID-MN-288687-1","NT09. By 2030, increase the benefits of nature to people through ecosystem services derived from nature-based solutions.","12.1 Average share of the built-up area of cities that is green or blue space for public use for all","headline","green space","2019","m²/person","4.1","",""
"28-Feb-2026 18:58","ORT-NR7ID-MN-288687-1","NT09. By 2030, increase the benefits of nature to people through ecosystem services derived from nature-based solutions.","12.1 Average share of the built-up area of cities that is green or blue space for public use for all","headline","green space","2018","m²/person","3.2","",""
"28-Feb-2026 18:58","ORT-NR7ID-MN-288687-1","NT09. By 2030, increase the benefits of nature to people through ecosystem services derived from nature-based solutions.","12.1 Average share of the built-up area of cities that is green or blue space for public use for all","headline","green space","2017","m²/person","2.4","",""
"28-Feb-2026 18:58","ORT-NR7ID-MN-288687-1","NT09. By 2030, increase the benefits of nature to people through ecosystem services derived from nature-based solutions.","12.1 Average share of the built-up area of cities that is green or blue space for public use for all","headline","green space","2021","m²/person","5.1","",""
"28-Feb-2026 18:58","ORT-NR7ID-MN-288688-1","NT01. By 2030, reduce biodiversity loss and maintain ecological integrity by including all territory in spatial planning and ensuring effective management.","A.2 Extent of natural ecosystems","headline","TF1 Palustrine wetlands biome","2024","%","1.1","",""
"28-Feb-2026 18:58","ORT-NR7ID-MN-288688-1","NT01. By 2030, reduce biodiversity loss and maintain ecological integrity by including all territory in spatial planning and ensuring effective management.","A.2 Extent of natural ecosystems","headline","T7 Intensive land-use biome","2024","%","2.4","",""
"28-Feb-2026 18:58","ORT-NR7ID-MN-288688-1","NT01. By 2030, reduce biodiversity loss and maintain ecological integrity by including all territory in spatial planning and ensuring effective management.","A.2 Extent of natural ecosystems","headline","T4 Savannas and grasslands biome","2022","%","73.6","",""
"28-Feb-2026 18:58","ORT-NR7ID-MN-288688-1","NT01. By 2030, reduce biodiversity loss and maintain ecological integrity by including all territory in spatial planning and ensuring effective management.","A.2 Extent of natural ecosystems","headline","F1 Rivers and streams biome","2023","%","0.2","",""
"28-Feb-2026 18:58","ORT-NR7ID-MN-288688-1","NT01. By 2030, reduce biodiversity loss and maintain ecological integrity by including all territory in spatial planning and ensuring effective management.","A.2 Extent of natural ecosystems","headline","T2 Temperate-boreal forests and woodlands biome","2023","%","13.3","",""
"28-Feb-2026 18:58","ORT-NR7ID-MN-288688-1","NT01. By 2030, reduce biodiversity loss and maintain ecological integrity by including all territory in spatial planning and ensuring effective management.","A.2 Extent of natural ecosystems","headline","T4 Savannas and grasslands biome","2021","%","73.9","",""
"28-Feb-2026 18:58","ORT-NR7ID-MN-288688-1","NT01. By 2030, reduce biodiversity loss and maintain ecological integrity by including all territory in spatial planning and ensuring effective management.","A.2 Extent of natural ecosystems","headline","F1 Rivers and streams biome","2022","%","0.1","",""
"28-Feb-2026 18:58","ORT-NR7ID-MN-288688-1","NT01. By 2030, reduce biodiversity loss and maintain ecological integrity by including all territory in spatial planning and ensuring effective management.","A.2 Extent of natural ecosystems","headline","T7 Intensive land-use biome","2022","%","3.3","",""
"28-Feb-2026 18:58","ORT-NR7ID-MN-288688-1","NT01. By 2030, reduce biodiversity loss and maintain ecological integrity by including all territory in spatial planning and ensuring effective management.","A.2 Extent of natural ecosystems","headline","F2 Lakes biome","2022","%","0.3","",""
"28-Feb-2026 18:58","ORT-NR7ID-MN-288688-1","NT01. By 2030, reduce biodiversity loss and maintain ecological integrity by including all territory in spatial planning and ensuring effective management.","A.2 Extent of natural ecosystems","headline","F2 Lakes biome","2023","%","9","",""
"28-Feb-2026 18:58","ORT-NR7ID-MN-288688-1","NT01. By 2030, reduce biodiversity loss and maintain ecological integrity by including all territory in spatial planning and ensuring effective management.","A.2 Extent of natural ecosystems","headline","T4 Savannas and grasslands biome","2023","%","84","",""
"28-Feb-2026 18:58","ORT-NR7ID-MN-288688-1","NT01. By 2030, reduce biodiversity loss and maintain ecological integrity by including all territory in spatial planning and ensuring effective management.","A.2 Extent of natural ecosystems","headline","T7 Intensive land-use biome","2021","%","2.9","",""
"28-Feb-2026 18:58","ORT-NR7ID-MN-288688-1","NT01. By 2030, reduce biodiversity loss and maintain ecological integrity by including all territory in spatial planning and ensuring effective management.","A.2 Extent of natural ecosystems","headline","T2 Temperate-boreal forests and woodlands biome","2022","%","24.5","",""
"28-Feb-2026 18:58","ORT-NR7ID-MN-288688-1","NT01. By 2030, reduce biodiversity loss and maintain ecological integrity by including all territory in spatial planning and ensuring effective management.","A.2 Extent of natural ecosystems","headline","F2 Lakes biome","2021","%","0.3","",""
"28-Feb-2026 18:58","ORT-NR7ID-MN-288688-1","NT01. By 2030, reduce biodiversity loss and maintain ecological integrity by including all territory in spatial planning and ensuring effective management.","A.2 Extent of natural ecosystems","headline","T2 Temperate-boreal forests and woodlands biome","2021","%","24.5","",""
"28-Feb-2026 18:58","ORT-NR7ID-MN-288688-1","NT01. By 2030, reduce biodiversity loss and maintain ecological integrity by including all territory in spatial planning and ensuring effective management.","A.2 Extent of natural ecosystems","headline","T2 Temperate-boreal forests and woodlands biome","2024","%","13.3","",""
"28-Feb-2026 18:58","ORT-NR7ID-MN-288688-1","NT01. By 2030, reduce biodiversity loss and maintain ecological integrity by including all territory in spatial planning and ensuring effective management.","A.2 Extent of natural ecosystems","headline","F1 Rivers and streams biome","2024","%","0.2","",""
"28-Feb-2026 18:58","ORT-NR7ID-MN-288688-1","NT01. By 2030, reduce biodiversity loss and maintain ecological integrity by including all territory in spatial planning and ensuring effective management.","A.2 Extent of natural ecosystems","headline","TF1 Palustrine wetlands biome","2023","%","1.1","",""
"28-Feb-2026 18:58","ORT-NR7ID-MN-288688-1","NT01. By 2030, reduce biodiversity loss and maintain ecological integrity by including all territory in spatial planning and ensuring effective management.","A.2 Extent of natural ecosystems","headline","T4 Savannas and grasslands biome","2024","%","84","",""
"28-Feb-2026 18:58","ORT-NR7ID-MN-288688-1","NT01. By 2030, reduce biodiversity loss and maintain ecological integrity by including all territory in spatial planning and ensuring effective management.","A.2 Extent of natural ecosystems","headline","T7 Intensive land-use biome","2023","%","2.4","",""
"28-Feb-2026 18:58","ORT-NR7ID-MN-288688-1","NT01. By 2030, reduce biodiversity loss and maintain ecological integrity by including all territory in spatial planning and ensuring effective management.","A.2 Extent of natural ecosystems","headline","F1 Rivers and streams biome","2021","%","0.1","",""
"28-Feb-2026 18:57","ORT-NR7ID-MN-288674-1","NT04. By 2030, Reduce the risk of extinction of threatened species and conserve genetic diversity","A.CT.10 Living Planet Index","component","","2022","percent","-55","Asia-Pacific Living Planet Index Trends",""
"28-Feb-2026 18:57","ORT-NR7ID-MN-288674-1","NT04. By 2030, Reduce the risk of extinction of threatened species and conserve genetic diversity","A.CT.10 Living Planet Index","component","","2020","percent","-45","Asia-Pacific Living Planet Index Trends",""
"28-Feb-2026 18:57","ORT-NR7ID-MN-288674-1","NT04. By 2030, Reduce the risk of extinction of threatened species and conserve genetic diversity","A.CT.10 Living Planet Index","component","","2024","percent","-60","Asia-Pacific Living Planet Index Trends",""
"28-Feb-2026 18:58","ORT-NR7ID-MN-288694-1","NT09. By 2030, increase the benefits of nature to people through ecosystem services derived from nature-based solutions.","9.2 Percentage of the population in traditional occupations","headline","","2022","%","14.4","Same methodology as above.",""
"28-Feb-2026 18:58","ORT-NR7ID-MN-288694-1","NT09. By 2030, increase the benefits of nature to people through ecosystem services derived from nature-based solutions.","9.2 Percentage of the population in traditional occupations","headline","","2024","%","13.9","Calculated by comparing the population aged 18 and above with the number of herders. Source: Introduction to the Livestock Sector, 2019–2023.",""
"28-Feb-2026 18:58","ORT-NR7ID-MN-288694-1","NT09. By 2030, increase the benefits of nature to people through ecosystem services derived from nature-based solutions.","9.2 Percentage of the population in traditional occupations","headline","","2023","%","13.5","Same methodology as above.",""
"28-Feb-2026 18:58","ORT-NR7ID-MN-288694-1","NT09. By 2030, increase the benefits of nature to people through ecosystem services derived from nature-based solutions.","9.2 Percentage of the population in traditional occupations","headline","","2021","%","14.6","Same methodology as above.",""
"28-Feb-2026 18:58","ORT-NR7ID-MN-288694-1","NT09. By 2030, increase the benefits of nature to people through ecosystem services derived from nature-based solutions.","9.2 Percentage of the population in traditional occupations","headline","","2020","%","14.4","Same methodology as above.",""
"28-Feb-2026 18:57","ORT-NR7ID-MN-288684-1","NT01. By 2030, reduce biodiversity loss and maintain ecological integrity by including all territory in spatial planning and ensuring effective management.","A.4 Proportion of populations within species with an effective population size greater than 500","headline","Mongolian saiga (Saiga tatarica mongolica)","2022","Proportion (0–1)","1","[2]",""
"28-Feb-2026 18:57","ORT-NR7ID-MN-288684-1","NT01. By 2030, reduce biodiversity loss and maintain ecological integrity by including all territory in spatial planning and ensuring effective management.","A.4 Proportion of populations within species with an effective population size greater than 500","headline","Mongolian saiga (Saiga tatarica mongolica)","2020","Proportion (0–1)","1","[2]",""
"28-Feb-2026 18:57","ORT-NR7ID-MN-288684-1","NT01. By 2030, reduce biodiversity loss and maintain ecological integrity by including all territory in spatial planning and ensuring effective management.","A.4 Proportion of populations within species with an effective population size greater than 500","headline","Mongolian saiga (Saiga tatarica mongolica)","2025","Proportion (0–1)","1","[2]",""
"28-Feb-2026 18:57","ORT-NR7ID-MN-288684-1","NT01. By 2030, reduce biodiversity loss and maintain ecological integrity by including all territory in spatial planning and ensuring effective management.","A.4 Proportion of populations within species with an effective population size greater than 500","headline","Mongolian saiga (Saiga tatarica mongolica)","2023","Proportion (0–1)","1","[2]",""
"28-Feb-2026 18:57","ORT-NR7ID-MN-288684-1","NT01. By 2030, reduce biodiversity loss and maintain ecological integrity by including all territory in spatial planning and ensuring effective management.","A.4 Proportion of populations within species with an effective population size greater than 500","headline","Mongolian saiga (Saiga tatarica mongolica)","2024","Proportion (0–1)","1","[2]",""
"28-Feb-2026 18:57","ORT-NR7ID-MN-288684-1","NT01. By 2030, reduce biodiversity loss and maintain ecological integrity by including all territory in spatial planning and ensuring effective management.","A.4 Proportion of populations within species with an effective population size greater than 500","headline","Mongolian saiga (Saiga tatarica mongolica)","2021","Proportion (0–1)","1","[2]",""
"28-Feb-2026 18:57","ORT-NR7ID-MN-288684-1","NT01. By 2030, reduce biodiversity loss and maintain ecological integrity by including all territory in spatial planning and ensuring effective management.","A.4 Proportion of populations within species with an effective population size greater than 500","headline","Mongolian gazelle (Procapra gutturosa)","2021","Proportion (0–1)","0.5","[1]",""
"28-Feb-2026 18:58","ORT-NR7ID-MN-288704-1","NT01. By 2030, reduce biodiversity loss and maintain ecological integrity by including all territory in spatial planning and ensuring effective management.","A.3 Red List Index","headline","","1995","index","0.964499802777778","",""
"28-Feb-2026 18:58","ORT-NR7ID-MN-288704-1","NT01. By 2030, reduce biodiversity loss and maintain ecological integrity by including all territory in spatial planning and ensuring effective management.","A.3 Red List Index","headline","","1997","index","0.9633195","",""
"28-Feb-2026 18:58","ORT-NR7ID-MN-288704-1","NT01. By 2030, reduce biodiversity loss and maintain ecological integrity by including all territory in spatial planning and ensuring effective management.","A.3 Red List Index","headline","","1993","index","0.965334310308466","",""
"28-Feb-2026 18:58","ORT-NR7ID-MN-288704-1","NT01. By 2030, reduce biodiversity loss and maintain ecological integrity by including all territory in spatial planning and ensuring effective management.","A.3 Red List Index","headline","","1996","index","0.963900405741422","",""
"28-Feb-2026 18:58","ORT-NR7ID-MN-288704-1","NT01. By 2030, reduce biodiversity loss and maintain ecological integrity by including all territory in spatial planning and ensuring effective management.","A.3 Red List Index","headline","","2000","index","0.961572822222222","",""
"28-Feb-2026 18:58","ORT-NR7ID-MN-288704-1","NT01. By 2030, reduce biodiversity loss and maintain ecological integrity by including all territory in spatial planning and ensuring effective management.","A.3 Red List Index","headline","","2009","index","0.957933274602852","",""
"28-Feb-2026 18:58","ORT-NR7ID-MN-288704-1","NT01. By 2030, reduce biodiversity loss and maintain ecological integrity by including all territory in spatial planning and ensuring effective management.","A.3 Red List Index","headline","","1999","index","0.962091461111111","",""
"28-Feb-2026 18:58","ORT-NR7ID-MN-288704-1","NT01. By 2030, reduce biodiversity loss and maintain ecological integrity by including all territory in spatial planning and ensuring effective management.","A.3 Red List Index","headline","","1998","index","0.962705480555555","",""
"28-Feb-2026 18:58","ORT-NR7ID-MN-288704-1","NT01. By 2030, reduce biodiversity loss and maintain ecological integrity by including all territory in spatial planning and ensuring effective management.","A.3 Red List Index","headline","","2004","index","0.959947594444444","",""
"28-Feb-2026 18:58","ORT-NR7ID-MN-288704-1","NT01. By 2030, reduce biodiversity loss and maintain ecological integrity by including all territory in spatial planning and ensuring effective management.","A.3 Red List Index","headline","","2008","index","0.958220972692014","",""
"28-Feb-2026 18:58","ORT-NR7ID-MN-288704-1","NT01. By 2030, reduce biodiversity loss and maintain ecological integrity by including all territory in spatial planning and ensuring effective management.","A.3 Red List Index","headline","","2002","index","0.960706438888889","",""
"28-Feb-2026 18:58","ORT-NR7ID-MN-288704-1","NT01. By 2030, reduce biodiversity loss and maintain ecological integrity by including all territory in spatial planning and ensuring effective management.","A.3 Red List Index","headline","","2006","index","0.959121654166667","",""
"28-Feb-2026 18:58","ORT-NR7ID-MN-288704-1","NT01. By 2030, reduce biodiversity loss and maintain ecological integrity by including all territory in spatial planning and ensuring effective management.","A.3 Red List Index","headline","","2001","index","0.961149563888889","",""
"28-Feb-2026 18:58","ORT-NR7ID-MN-288704-1","NT01. By 2030, reduce biodiversity loss and maintain ecological integrity by including all territory in spatial planning and ensuring effective management.","A.3 Red List Index","headline","","2005","index","0.959492311111111","",""
"28-Feb-2026 18:58","ORT-NR7ID-MN-288704-1","NT01. By 2030, reduce biodiversity loss and maintain ecological integrity by including all territory in spatial planning and ensuring effective management.","A.3 Red List Index","headline","","2010","index","0.95762681305512","",""
"28-Feb-2026 18:58","ORT-NR7ID-MN-288704-1","NT01. By 2030, reduce biodiversity loss and maintain ecological integrity by including all territory in spatial planning and ensuring effective management.","A.3 Red List Index","headline","","2003","index","0.960441163888889","",""
"28-Feb-2026 18:58","ORT-NR7ID-MN-288704-1","NT01. By 2030, reduce biodiversity loss and maintain ecological integrity by including all territory in spatial planning and ensuring effective management.","A.3 Red List Index","headline","","2007","index","0.958676066666667","",""
"28-Feb-2026 18:58","ORT-NR7ID-MN-288704-1","NT01. By 2030, reduce biodiversity loss and maintain ecological integrity by including all territory in spatial planning and ensuring effective management.","A.3 Red List Index","headline","","1994","index","0.964957474400314","",""
"28-Feb-2026 18:58","ORT-NR7ID-MN-288704-1","NT01. By 2030, reduce biodiversity loss and maintain ecological integrity by including all territory in spatial planning and ensuring effective management.","A.3 Red List Index","headline","","2012","index","0.956965047401357","",""
"28-Feb-2026 18:58","ORT-NR7ID-MN-288704-1","NT01. By 2030, reduce biodiversity loss and maintain ecological integrity by including all territory in spatial planning and ensuring effective management.","A.3 Red List Index","headline","","2011","index","0.957290743199054","",""
"28-Feb-2026 18:58","ORT-NR7ID-MN-288704-1","NT01. By 2030, reduce biodiversity loss and maintain ecological integrity by including all territory in spatial planning and ensuring effective management.","A.3 Red List Index","headline","","2016","index","0.955471897323639","",""
"28-Feb-2026 18:58","ORT-NR7ID-MN-288704-1","NT01. By 2030, reduce biodiversity loss and maintain ecological integrity by including all territory in spatial planning and ensuring effective management.","A.3 Red List Index","headline","","2013","index","0.956544400301044","",""
"28-Feb-2026 18:58","ORT-NR7ID-MN-288704-1","NT01. By 2030, reduce biodiversity loss and maintain ecological integrity by including all territory in spatial planning and ensuring effective management.","A.3 Red List Index","headline","","2017","index","0.95511281320708","",""
"28-Feb-2026 18:58","ORT-NR7ID-MN-288704-1","NT01. By 2030, reduce biodiversity loss and maintain ecological integrity by including all territory in spatial planning and ensuring effective management.","A.3 Red List Index","headline","","2014","index","0.956201844037837","",""
"28-Feb-2026 18:58","ORT-NR7ID-MN-288704-1","NT01. By 2030, reduce biodiversity loss and maintain ecological integrity by including all territory in spatial planning and ensuring effective management.","A.3 Red List Index","headline","","2020","index","0.954307313659456","",""
"28-Feb-2026 18:58","ORT-NR7ID-MN-288704-1","NT01. By 2030, reduce biodiversity loss and maintain ecological integrity by including all territory in spatial planning and ensuring effective management.","A.3 Red List Index","headline","","2015","index","0.955850953791408","",""
"28-Feb-2026 18:58","ORT-NR7ID-MN-288704-1","NT01. By 2030, reduce biodiversity loss and maintain ecological integrity by including all territory in spatial planning and ensuring effective management.","A.3 Red List Index","headline","","2018","index","0.954886194027913","",""
"28-Feb-2026 18:58","ORT-NR7ID-MN-288704-1","NT01. By 2030, reduce biodiversity loss and maintain ecological integrity by including all territory in spatial planning and ensuring effective management.","A.3 Red List Index","headline","","2021","index","0.953980828293696","",""
"28-Feb-2026 18:58","ORT-NR7ID-MN-288704-1","NT01. By 2030, reduce biodiversity loss and maintain ecological integrity by including all territory in spatial planning and ensuring effective management.","A.3 Red List Index","headline","","2024","index","0.953211011358951","",""
"28-Feb-2026 18:58","ORT-NR7ID-MN-288704-1","NT01. By 2030, reduce biodiversity loss and maintain ecological integrity by including all territory in spatial planning and ensuring effective management.","A.3 Red List Index","headline","","2023","index","0.953533068766272","",""
"28-Feb-2026 18:58","ORT-NR7ID-MN-288704-1","NT01. By 2030, reduce biodiversity loss and maintain ecological integrity by including all territory in spatial planning and ensuring effective management.","A.3 Red List Index","headline","","2022","index","0.95379517042556","",""
"28-Feb-2026 18:58","ORT-NR7ID-MN-288704-1","NT01. By 2030, reduce biodiversity loss and maintain ecological integrity by including all territory in spatial planning and ensuring effective management.","A.3 Red List Index","headline","","2019","index","0.954554834450205","",""
"28-Feb-2026 18:58","ORT-NR7ID-MN-288691-2","NT16. By 2030, reform subsidies and incentives that have negative impacts on biodiversity, while increasing environmentally positive (green) incentives.","18.1 Positive incentives in place to promote biodiversity conservation and sustainable use","headline","","","","","","Data for this indicator were obtained from the OECD Policy Instruments for the Environment (PINE) database."
"28-Feb-2026 18:58","ORT-NR7ID-MN-288693-1","NT08. By 2030, reduce ecosystem degradation by supporting the development of sustainable, highly productive forestry and agriculture, while introducing nature-based practices.","10.2 Progress towards sustainable forest management","headline","Annual forest area change rate","2015","%","-0.01","For 2010-2025",""
"28-Feb-2026 18:58","ORT-NR7ID-MN-288693-1","NT08. By 2030, reduce ecosystem degradation by supporting the development of sustainable, highly productive forestry and agriculture, while introducing nature-based practices.","10.2 Progress towards sustainable forest management","headline","Above-ground biomass stock in forest","2020","tonnes/ha","54.9","",""
"28-Feb-2026 18:58","ORT-NR7ID-MN-288693-1","NT08. By 2030, reduce ecosystem degradation by supporting the development of sustainable, highly productive forestry and agriculture, while introducing nature-based practices.","10.2 Progress towards sustainable forest management","headline","Annual forest area change rate","2025","%","","For 2020-2025",""
"28-Feb-2026 18:58","ORT-NR7ID-MN-288693-1","NT08. By 2030, reduce ecosystem degradation by supporting the development of sustainable, highly productive forestry and agriculture, while introducing nature-based practices.","10.2 Progress towards sustainable forest management","headline","Proportion of forest area located within legally established protected areas","2020","%","20.99","",""
"28-Feb-2026 18:58","ORT-NR7ID-MN-288693-1","NT08. By 2030, reduce ecosystem degradation by supporting the development of sustainable, highly productive forestry and agriculture, while introducing nature-based practices.","10.2 Progress towards sustainable forest management","headline","Above-ground biomass stock in forest","2015","tonnes/ha","54.9","",""
"28-Feb-2026 18:58","ORT-NR7ID-MN-288693-1","NT08. By 2030, reduce ecosystem degradation by supporting the development of sustainable, highly productive forestry and agriculture, while introducing nature-based practices.","10.2 Progress towards sustainable forest management","headline","Proportion of forest area under long-term forest management plan","2015","%","100","",""
"28-Feb-2026 18:58","ORT-NR7ID-MN-288693-1","NT08. By 2030, reduce ecosystem degradation by supporting the development of sustainable, highly productive forestry and agriculture, while introducing nature-based practices.","10.2 Progress towards sustainable forest management","headline","Proportion of forest area located within legally established protected areas","2025","%","20.99","",""
"28-Feb-2026 18:58","ORT-NR7ID-MN-288693-1","NT08. By 2030, reduce ecosystem degradation by supporting the development of sustainable, highly productive forestry and agriculture, while introducing nature-based practices.","10.2 Progress towards sustainable forest management","headline","Annual forest area change rate","2010","%","-0.06","For 2000-2010",""
"28-Feb-2026 18:58","ORT-NR7ID-MN-288693-1","NT08. By 2030, reduce ecosystem degradation by supporting the development of sustainable, highly productive forestry and agriculture, while introducing nature-based practices.","10.2 Progress towards sustainable forest management","headline","Proportion of forest area under long-term forest management plan","2000","%","100","",""
"28-Feb-2026 18:58","ORT-NR7ID-MN-288693-1","NT08. By 2030, reduce ecosystem degradation by supporting the development of sustainable, highly productive forestry and agriculture, while introducing nature-based practices.","10.2 Progress towards sustainable forest management","headline","Above-ground biomass stock in forest","2010","tonnes/ha","54.9","",""
"28-Feb-2026 18:58","ORT-NR7ID-MN-288693-1","NT08. By 2030, reduce ecosystem degradation by supporting the development of sustainable, highly productive forestry and agriculture, while introducing nature-based practices.","10.2 Progress towards sustainable forest management","headline","Annual forest area change rate","2020","%","","For 2015-2020",""
"28-Feb-2026 18:58","ORT-NR7ID-MN-288693-1","NT08. By 2030, reduce ecosystem degradation by supporting the development of sustainable, highly productive forestry and agriculture, while introducing nature-based practices.","10.2 Progress towards sustainable forest management","headline","Proportion of forest area under long-term forest management plan","2020","%","100","",""
"28-Feb-2026 18:58","ORT-NR7ID-MN-288693-1","NT08. By 2030, reduce ecosystem degradation by supporting the development of sustainable, highly productive forestry and agriculture, while introducing nature-based practices.","10.2 Progress towards sustainable forest management","headline","Proportion of forest area under long-term forest management plan","2010","%","100","",""
"28-Feb-2026 18:58","ORT-NR7ID-MN-288693-1","NT08. By 2030, reduce ecosystem degradation by supporting the development of sustainable, highly productive forestry and agriculture, while introducing nature-based practices.","10.2 Progress towards sustainable forest management","headline","Proportion of forest area located within legally established protected areas","2010","%","16.96","",""
"28-Feb-2026 18:58","ORT-NR7ID-MN-288693-1","NT08. By 2030, reduce ecosystem degradation by supporting the development of sustainable, highly productive forestry and agriculture, while introducing nature-based practices.","10.2 Progress towards sustainable forest management","headline","Proportion of forest area located within legally established protected areas","2015","%","20.99","",""
"28-Feb-2026 18:58","ORT-NR7ID-MN-288693-1","NT08. By 2030, reduce ecosystem degradation by supporting the development of sustainable, highly productive forestry and agriculture, while introducing nature-based practices.","10.2 Progress towards sustainable forest management","headline","Above-ground biomass stock in forest","2025","tonnes/ha","54.9","",""
"28-Feb-2026 18:58","ORT-NR7ID-MN-288692-1","NT13. By 2030, establish systems to monitor and transparently report the impacts, risks, and outcomes of business activities regarding biodiversity.","15.1 Number of companies disclosing their biodiversity-related risks, dependencies and impacts","headline","","2022","number of companies","20","Source: Mongolian Stock Exchange Annual Report (2022). 24 listed companies disclosed environmental information. Note: Not all disclosures are biodiversity-specific.",""
"28-Feb-2026 18:58","ORT-NR7ID-MN-288692-1","NT13. By 2030, establish systems to monitor and transparently report the impacts, risks, and outcomes of business activities regarding biodiversity.","15.1 Number of companies disclosing their biodiversity-related risks, dependencies and impacts","headline","","2023","number of companies","21","Source: Mongolian Stock Exchange Annual Report (2022). 24 listed companies disclosed environmental information. Note: Not all disclosures are biodiversity-specific.",""
"28-Feb-2026 18:58","ORT-NR7ID-MN-288699-1","NT13. By 2030, establish systems to monitor and transparently report the impacts, risks, and outcomes of business activities regarding biodiversity.","D.2 Domestic public funding on conservation and sustainable use of biodiversity and ecosystems","headline","","2023","billion tugrik","258","Environmental Protection Expenditure Account and Environmental Subsidies Account.",""
"28-Feb-2026 18:58","ORT-NR7ID-MN-288699-1","NT13. By 2030, establish systems to monitor and transparently report the impacts, risks, and outcomes of business activities regarding biodiversity.","D.2 Domestic public funding on conservation and sustainable use of biodiversity and ecosystems","headline","","2020","billion tugrik","355","Environmental Protection Expenditure Account and Environmental Subsidies Account.",""
"28-Feb-2026 18:58","ORT-NR7ID-MN-288699-1","NT13. By 2030, establish systems to monitor and transparently report the impacts, risks, and outcomes of business activities regarding biodiversity.","D.2 Domestic public funding on conservation and sustainable use of biodiversity and ecosystems","headline","","2022","billion tugrik","309.6","Environmental Protection Expenditure Account and Environmental Subsidies Account.",""
"28-Feb-2026 18:58","ORT-NR7ID-MN-288699-1","NT13. By 2030, establish systems to monitor and transparently report the impacts, risks, and outcomes of business activities regarding biodiversity.","D.2 Domestic public funding on conservation and sustainable use of biodiversity and ecosystems","headline","","2021","billion tugrik","242.9","Environmental Protection Expenditure Account and Environmental Subsidies Account.",""
"28-Feb-2026 18:58","ORT-NR7ID-MN-288703-1","NT12. By 2030,  Integrate biodiversity issues into the policies and planning of all sectors.","D.1 International public funding, including official development assistance for conservation and sustainable use of biodiversity and ecosystems","headline","Recipient","2018"," USD (millions) ","25.36342","",""
"28-Feb-2026 18:58","ORT-NR7ID-MN-288703-1","NT12. By 2030,  Integrate biodiversity issues into the policies and planning of all sectors.","D.1 International public funding, including official development assistance for conservation and sustainable use of biodiversity and ecosystems","headline","Recipient","2020"," USD (millions) ","8.36801","",""
"28-Feb-2026 18:58","ORT-NR7ID-MN-288703-1","NT12. By 2030,  Integrate biodiversity issues into the policies and planning of all sectors.","D.1 International public funding, including official development assistance for conservation and sustainable use of biodiversity and ecosystems","headline","Recipient","2016"," USD (millions) ","10.43476","",""
"28-Feb-2026 18:58","ORT-NR7ID-MN-288703-1","NT12. By 2030,  Integrate biodiversity issues into the policies and planning of all sectors.","D.1 International public funding, including official development assistance for conservation and sustainable use of biodiversity and ecosystems","headline","Recipient","2021"," USD (millions) ","7.28156","",""
"28-Feb-2026 18:58","ORT-NR7ID-MN-288703-1","NT12. By 2030,  Integrate biodiversity issues into the policies and planning of all sectors.","D.1 International public funding, including official development assistance for conservation and sustainable use of biodiversity and ecosystems","headline","Recipient","2022"," USD (millions) ","17.2364","",""
"28-Feb-2026 18:58","ORT-NR7ID-MN-288703-1","NT12. By 2030,  Integrate biodiversity issues into the policies and planning of all sectors.","D.1 International public funding, including official development assistance for conservation and sustainable use of biodiversity and ecosystems","headline","Recipient","2019"," USD (millions) ","23.10579","",""
"28-Feb-2026 18:58","ORT-NR7ID-MN-288703-1","NT12. By 2030,  Integrate biodiversity issues into the policies and planning of all sectors.","D.1 International public funding, including official development assistance for conservation and sustainable use of biodiversity and ecosystems","headline","Recipient","2017"," USD (millions) ","7.44569","",""
"28-Feb-2026 18:58","ORT-NR7ID-MN-288703-1","NT12. By 2030,  Integrate biodiversity issues into the policies and planning of all sectors.","D.1 International public funding, including official development assistance for conservation and sustainable use of biodiversity and ecosystems","headline","Recipient","2015"," USD (millions) ","15.00203","",""
"28-Feb-2026 18:58","ORT-NR7ID-MN-288689-1","NT01. By 2030, reduce biodiversity loss and maintain ecological integrity by including all territory in spatial planning and ensuring effective management.","1.1 Percentage of land and sea area covered by biodiversity-inclusive spatial plans","headline","","2025","Percent","49","https://www.gazar.gov.mn/post/sumyn-nutag-devsgerijn-h-gzhlijn-t-l-vl-g-gezh-yuu-ve",""
"28-Feb-2026 18:58","ORT-NR7ID-MN-288689-1","NT01. By 2030, reduce biodiversity loss and maintain ecological integrity by including all territory in spatial planning and ensuring effective management.","1.1 Percentage of land and sea area covered by biodiversity-inclusive spatial plans","headline","","2024","Percent","20.9","https://www.gazar.gov.mn/post/sumyn-nutag-devsgerijn-h-gzhlijn-t-l-vl-g-gezh-yuu-ve",""
"28-Feb-2026 18:58","ORT-NR7ID-MN-288687-1","NT10. By 2030, increase the area of urban green and blue infrastructure.","12.1 Average share of the built-up area of cities that is green or blue space for public use for all","headline","green space","2016","m²/person","1.7","",""
"28-Feb-2026 18:58","ORT-NR7ID-MN-288687-1","NT10. By 2030, increase the area of urban green and blue infrastructure.","12.1 Average share of the built-up area of cities that is green or blue space for public use for all","headline","green space","2017","m²/person","2.4","",""
"28-Feb-2026 18:58","ORT-NR7ID-MN-288687-1","NT10. By 2030, increase the area of urban green and blue infrastructure.","12.1 Average share of the built-up area of cities that is green or blue space for public use for all","headline","green space","2023","m²/person","6.5","",""
"28-Feb-2026 18:58","ORT-NR7ID-MN-288687-1","NT10. By 2030, increase the area of urban green and blue infrastructure.","12.1 Average share of the built-up area of cities that is green or blue space for public use for all","headline","green space","2019","m²/person","4.1","",""
"28-Feb-2026 18:58","ORT-NR7ID-MN-288687-1","NT10. By 2030, increase the area of urban green and blue infrastructure.","12.1 Average share of the built-up area of cities that is green or blue space for public use for all","headline","green space","2021","m²/person","5.1","",""
"28-Feb-2026 18:58","ORT-NR7ID-MN-288687-1","NT10. By 2030, increase the area of urban green and blue infrastructure.","12.1 Average share of the built-up area of cities that is green or blue space for public use for all","headline","green space","2018","m²/person","3.2","",""
"28-Feb-2026 18:57","ORT-NR7ID-MN-288680-1","NT13. By 2030, establish systems to monitor and transparently report the impacts, risks, and outcomes of business activities regarding biodiversity.","D.3 Private funding (domestic and international) on conservation and sustainable use of biodiversity and ecosystems","headline","","2024","million USD","766.29","In analyzing private sector biodiversity-related expenditures, data collection focused on the Top 100 companies identified by the Mongolian National Chamber of Commerce and Industry, as well as major mining companies. The combined revenues of Mongolia’s Top 100 enterprises account for approximately 70 percent of national GDP, indicating a high level of representativeness relative to the population of approximately 87,000 active legal entities as of 2024. Data on biodiversity-related expenditures were collected through a review of corporate social responsibility and sustainability reports, as well as publicly available information disclosed through media sources. Where such information was not available, standardized questionnaires were distributed to enterprises to collect data on biodiversity- and environment-related expenditures.",""
"28-Feb-2026 18:57","ORT-NR7ID-MN-288680-1","NT13. By 2030, establish systems to monitor and transparently report the impacts, risks, and outcomes of business activities regarding biodiversity.","D.3 Private funding (domestic and international) on conservation and sustainable use of biodiversity and ecosystems","headline","","2021","million USD","296.99","In analyzing private sector biodiversity-related expenditures, data collection focused on the Top 100 companies identified by the Mongolian National Chamber of Commerce and Industry, as well as major mining companies. The combined revenues of Mongolia’s Top 100 enterprises account for approximately 70 percent of national GDP, indicating a high level of representativeness relative to the population of approximately 87,000 active legal entities as of 2024. Data on biodiversity-related expenditures were collected through a review of corporate social responsibility and sustainability reports, as well as publicly available information disclosed through media sources. Where such information was not available, standardized questionnaires were distributed to enterprises to collect data on biodiversity- and environment-related expenditures.",""
"28-Feb-2026 18:57","ORT-NR7ID-MN-288680-1","NT13. By 2030, establish systems to monitor and transparently report the impacts, risks, and outcomes of business activities regarding biodiversity.","D.3 Private funding (domestic and international) on conservation and sustainable use of biodiversity and ecosystems","headline","","2022","million USD","783.21","In analyzing private sector biodiversity-related expenditures, data collection focused on the Top 100 companies identified by the Mongolian National Chamber of Commerce and Industry, as well as major mining companies. The combined revenues of Mongolia’s Top 100 enterprises account for approximately 70 percent of national GDP, indicating a high level of representativeness relative to the population of approximately 87,000 active legal entities as of 2024. Data on biodiversity-related expenditures were collected through a review of corporate social responsibility and sustainability reports, as well as publicly available information disclosed through media sources. Where such information was not available, standardized questionnaires were distributed to enterprises to collect data on biodiversity- and environment-related expenditures.",""
"28-Feb-2026 18:57","ORT-NR7ID-MN-288680-1","NT13. By 2030, establish systems to monitor and transparently report the impacts, risks, and outcomes of business activities regarding biodiversity.","D.3 Private funding (domestic and international) on conservation and sustainable use of biodiversity and ecosystems","headline","","2023","million USD","782.01","In analyzing private sector biodiversity-related expenditures, data collection focused on the Top 100 companies identified by the Mongolian National Chamber of Commerce and Industry, as well as major mining companies. The combined revenues of Mongolia’s Top 100 enterprises account for approximately 70 percent of national GDP, indicating a high level of representativeness relative to the population of approximately 87,000 active legal entities as of 2024. Data on biodiversity-related expenditures were collected through a review of corporate social responsibility and sustainability reports, as well as publicly available information disclosed through media sources. Where such information was not available, standardized questionnaires were distributed to enterprises to collect data on biodiversity- and environment-related expenditures.",""
"28-Feb-2026 18:57","ORT-NR7ID-MN-288680-1","NT13. By 2030, establish systems to monitor and transparently report the impacts, risks, and outcomes of business activities regarding biodiversity.","D.3 Private funding (domestic and international) on conservation and sustainable use of biodiversity and ecosystems","headline","","2020","million USD","270.03","In analyzing private sector biodiversity-related expenditures, data collection focused on the Top 100 companies identified by the Mongolian National Chamber of Commerce and Industry, as well as major mining companies. The combined revenues of Mongolia’s Top 100 enterprises account for approximately 70 percent of national GDP, indicating a high level of representativeness relative to the population of approximately 87,000 active legal entities as of 2024. Data on biodiversity-related expenditures were collected through a review of corporate social responsibility and sustainability reports, as well as publicly available information disclosed through media sources. Where such information was not available, standardized questionnaires were distributed to enterprises to collect data on biodiversity- and environment-related expenditures.",""
"28-Feb-2026 18:57","ORT-NR7ID-MN-288684-1","NT02. By 2030, restore at least 30 percent of degraded ecosystems and improve ecological integrity and connectivity.","A.4 Proportion of populations within species with an effective population size greater than 500","headline","Mongolian saiga (Saiga tatarica mongolica)","2022","Proportion (0–1)","1","[2]",""
"28-Feb-2026 18:57","ORT-NR7ID-MN-288684-1","NT02. By 2030, restore at least 30 percent of degraded ecosystems and improve ecological integrity and connectivity.","A.4 Proportion of populations within species with an effective population size greater than 500","headline","Mongolian gazelle (Procapra gutturosa)","2021","Proportion (0–1)","0.5","[1]",""
"28-Feb-2026 18:57","ORT-NR7ID-MN-288684-1","NT02. By 2030, restore at least 30 percent of degraded ecosystems and improve ecological integrity and connectivity.","A.4 Proportion of populations within species with an effective population size greater than 500","headline","Mongolian saiga (Saiga tatarica mongolica)","2024","Proportion (0–1)","1","[2]",""
"28-Feb-2026 18:57","ORT-NR7ID-MN-288684-1","NT02. By 2030, restore at least 30 percent of degraded ecosystems and improve ecological integrity and connectivity.","A.4 Proportion of populations within species with an effective population size greater than 500","headline","Mongolian saiga (Saiga tatarica mongolica)","2020","Proportion (0–1)","1","[2]",""
"28-Feb-2026 18:57","ORT-NR7ID-MN-288684-1","NT02. By 2030, restore at least 30 percent of degraded ecosystems and improve ecological integrity and connectivity.","A.4 Proportion of populations within species with an effective population size greater than 500","headline","Mongolian saiga (Saiga tatarica mongolica)","2023","Proportion (0–1)","1","[2]",""
"28-Feb-2026 18:57","ORT-NR7ID-MN-288684-1","NT02. By 2030, restore at least 30 percent of degraded ecosystems and improve ecological integrity and connectivity.","A.4 Proportion of populations within species with an effective population size greater than 500","headline","Mongolian saiga (Saiga tatarica mongolica)","2021","Proportion (0–1)","1","[2]",""
"28-Feb-2026 18:57","ORT-NR7ID-MN-288684-1","NT02. By 2030, restore at least 30 percent of degraded ecosystems and improve ecological integrity and connectivity.","A.4 Proportion of populations within species with an effective population size greater than 500","headline","Mongolian saiga (Saiga tatarica mongolica)","2025","Proportion (0–1)","1","[2]",""
"28-Feb-2026 18:57","ORT-NR7ID-MN-288681-1","NT07. By 2030, minimize the impact of climate change on biodiversity and increase its resilience through mitigation, adaptation, and disaster risk reduction actions through nature-based solution and ecosystem-based approaches.","2.1 Area under restoration","headline","T2 Temperate-boreal forests and woodlands biome","2021","ha","61500","",""
"28-Feb-2026 18:57","ORT-NR7ID-MN-288681-1","NT07. By 2030, minimize the impact of climate change on biodiversity and increase its resilience through mitigation, adaptation, and disaster risk reduction actions through nature-based solution and ecosystem-based approaches.","2.1 Area under restoration","headline","F1 Rivers and streams biome","2021","ha","58600","",""
"28-Feb-2026 18:57","ORT-NR7ID-MN-288681-1","NT07. By 2030, minimize the impact of climate change on biodiversity and increase its resilience through mitigation, adaptation, and disaster risk reduction actions through nature-based solution and ecosystem-based approaches.","2.1 Area under restoration","headline","T7 Intensive land-use biome","2021","ha","393200","",""
"28-Feb-2026 18:57","ORT-NR7ID-MN-288681-1","NT07. By 2030, minimize the impact of climate change on biodiversity and increase its resilience through mitigation, adaptation, and disaster risk reduction actions through nature-based solution and ecosystem-based approaches.","2.1 Area under restoration","headline","T7 Intensive land-use biome","2022","ha","121943","",""
"28-Feb-2026 18:57","ORT-NR7ID-MN-288681-1","NT07. By 2030, minimize the impact of climate change on biodiversity and increase its resilience through mitigation, adaptation, and disaster risk reduction actions through nature-based solution and ecosystem-based approaches.","2.1 Area under restoration","headline","T7 Intensive land-use biome","2024","ha","201916","",""
"28-Feb-2026 18:57","ORT-NR7ID-MN-288681-1","NT07. By 2030, minimize the impact of climate change on biodiversity and increase its resilience through mitigation, adaptation, and disaster risk reduction actions through nature-based solution and ecosystem-based approaches.","2.1 Area under restoration","headline","F1 Rivers and streams biome","2024","ha","56517.78","",""
"28-Feb-2026 18:57","ORT-NR7ID-MN-288681-1","NT07. By 2030, minimize the impact of climate change on biodiversity and increase its resilience through mitigation, adaptation, and disaster risk reduction actions through nature-based solution and ecosystem-based approaches.","2.1 Area under restoration","headline","T4 Savannas and grasslands biome","2021","ha","2704400","",""
"28-Feb-2026 18:57","ORT-NR7ID-MN-288681-1","NT07. By 2030, minimize the impact of climate change on biodiversity and increase its resilience through mitigation, adaptation, and disaster risk reduction actions through nature-based solution and ecosystem-based approaches.","2.1 Area under restoration","headline","F1 Rivers and streams biome","2022","ha","14841.3","",""
"28-Feb-2026 18:57","ORT-NR7ID-MN-288681-1","NT07. By 2030, minimize the impact of climate change on biodiversity and increase its resilience through mitigation, adaptation, and disaster risk reduction actions through nature-based solution and ecosystem-based approaches.","2.1 Area under restoration","headline","T4 Savannas and grasslands biome","2023","ha","3541990","",""
"28-Feb-2026 18:57","ORT-NR7ID-MN-288681-1","NT07. By 2030, minimize the impact of climate change on biodiversity and increase its resilience through mitigation, adaptation, and disaster risk reduction actions through nature-based solution and ecosystem-based approaches.","2.1 Area under restoration","headline","T7 Intensive land-use biome","2023","ha","229199.3","",""
"28-Feb-2026 18:57","ORT-NR7ID-MN-288681-1","NT07. By 2030, minimize the impact of climate change on biodiversity and increase its resilience through mitigation, adaptation, and disaster risk reduction actions through nature-based solution and ecosystem-based approaches.","2.1 Area under restoration","headline","T4 Savannas and grasslands biome","2022","ha","1351896.8","",""
"28-Feb-2026 18:57","ORT-NR7ID-MN-288681-1","NT07. By 2030, minimize the impact of climate change on biodiversity and increase its resilience through mitigation, adaptation, and disaster risk reduction actions through nature-based solution and ecosystem-based approaches.","2.1 Area under restoration","headline","T4 Savannas and grasslands biome","2024","ha","3167790","",""
"28-Feb-2026 18:57","ORT-NR7ID-MN-288681-1","NT07. By 2030, minimize the impact of climate change on biodiversity and increase its resilience through mitigation, adaptation, and disaster risk reduction actions through nature-based solution and ecosystem-based approaches.","2.1 Area under restoration","headline","T2 Temperate-boreal forests and woodlands biome","2024","ha","246253.77","",""
"28-Feb-2026 18:57","ORT-NR7ID-MN-288681-1","NT07. By 2030, minimize the impact of climate change on biodiversity and increase its resilience through mitigation, adaptation, and disaster risk reduction actions through nature-based solution and ecosystem-based approaches.","2.1 Area under restoration","headline","T2 Temperate-boreal forests and woodlands biome","2023","ha","98544.86","",""
"28-Feb-2026 18:57","ORT-NR7ID-MN-288681-1","NT07. By 2030, minimize the impact of climate change on biodiversity and increase its resilience through mitigation, adaptation, and disaster risk reduction actions through nature-based solution and ecosystem-based approaches.","2.1 Area under restoration","headline","F1 Rivers and streams biome","2023","ha","26020","",""
"28-Feb-2026 18:57","ORT-NR7ID-MN-288681-1","NT07. By 2030, minimize the impact of climate change on biodiversity and increase its resilience through mitigation, adaptation, and disaster risk reduction actions through nature-based solution and ecosystem-based approaches.","2.1 Area under restoration","headline","T2 Temperate-boreal forests and woodlands biome","2022","ha","55773.2","",""
"28-Feb-2026 18:58","ORT-NR7ID-MN-288699-1","NT14. By 2030, minimize overconsumption and waste through supporting public education on sustainable consumption.","D.2 Domestic public funding on conservation and sustainable use of biodiversity and ecosystems","headline","","2021","billion tugrik","242.9","Environmental Protection Expenditure Account and Environmental Subsidies Account.",""
"28-Feb-2026 18:58","ORT-NR7ID-MN-288699-1","NT14. By 2030, minimize overconsumption and waste through supporting public education on sustainable consumption.","D.2 Domestic public funding on conservation and sustainable use of biodiversity and ecosystems","headline","","2020","billion tugrik","355","Environmental Protection Expenditure Account and Environmental Subsidies Account.",""
"28-Feb-2026 18:58","ORT-NR7ID-MN-288699-1","NT14. By 2030, minimize overconsumption and waste through supporting public education on sustainable consumption.","D.2 Domestic public funding on conservation and sustainable use of biodiversity and ecosystems","headline","","2023","billion tugrik","258","Environmental Protection Expenditure Account and Environmental Subsidies Account.",""
"28-Feb-2026 18:58","ORT-NR7ID-MN-288699-1","NT14. By 2030, minimize overconsumption and waste through supporting public education on sustainable consumption.","D.2 Domestic public funding on conservation and sustainable use of biodiversity and ecosystems","headline","","2022","billion tugrik","309.6","Environmental Protection Expenditure Account and Environmental Subsidies Account.",""
"28-Feb-2026 18:58","ORT-NR7ID-MN-288688-1","NT02. By 2030, restore at least 30 percent of degraded ecosystems and improve ecological integrity and connectivity.","A.2 Extent of natural ecosystems","headline","F1 Rivers and streams biome","2021","%","0.1","",""
"28-Feb-2026 18:58","ORT-NR7ID-MN-288688-1","NT02. By 2030, restore at least 30 percent of degraded ecosystems and improve ecological integrity and connectivity.","A.2 Extent of natural ecosystems","headline","T7 Intensive land-use biome","2024","%","2.4","",""
"28-Feb-2026 18:58","ORT-NR7ID-MN-288688-1","NT02. By 2030, restore at least 30 percent of degraded ecosystems and improve ecological integrity and connectivity.","A.2 Extent of natural ecosystems","headline","T7 Intensive land-use biome","2021","%","2.9","",""
"28-Feb-2026 18:58","ORT-NR7ID-MN-288688-1","NT02. By 2030, restore at least 30 percent of degraded ecosystems and improve ecological integrity and connectivity.","A.2 Extent of natural ecosystems","headline","T2 Temperate-boreal forests and woodlands biome","2024","%","13.3","",""
"28-Feb-2026 18:58","ORT-NR7ID-MN-288688-1","NT02. By 2030, restore at least 30 percent of degraded ecosystems and improve ecological integrity and connectivity.","A.2 Extent of natural ecosystems","headline","T4 Savannas and grasslands biome","2024","%","84","",""
"28-Feb-2026 18:58","ORT-NR7ID-MN-288688-1","NT02. By 2030, restore at least 30 percent of degraded ecosystems and improve ecological integrity and connectivity.","A.2 Extent of natural ecosystems","headline","T4 Savannas and grasslands biome","2023","%","84","",""
"28-Feb-2026 18:58","ORT-NR7ID-MN-288688-1","NT02. By 2030, restore at least 30 percent of degraded ecosystems and improve ecological integrity and connectivity.","A.2 Extent of natural ecosystems","headline","T7 Intensive land-use biome","2022","%","3.3","",""
"28-Feb-2026 18:58","ORT-NR7ID-MN-288688-1","NT02. By 2030, restore at least 30 percent of degraded ecosystems and improve ecological integrity and connectivity.","A.2 Extent of natural ecosystems","headline","F1 Rivers and streams biome","2023","%","0.2","",""
"28-Feb-2026 18:58","ORT-NR7ID-MN-288688-1","NT02. By 2030, restore at least 30 percent of degraded ecosystems and improve ecological integrity and connectivity.","A.2 Extent of natural ecosystems","headline","F2 Lakes biome","2023","%","9","",""
"28-Feb-2026 18:58","ORT-NR7ID-MN-288688-1","NT02. By 2030, restore at least 30 percent of degraded ecosystems and improve ecological integrity and connectivity.","A.2 Extent of natural ecosystems","headline","F2 Lakes biome","2022","%","0.3","",""
"28-Feb-2026 18:58","ORT-NR7ID-MN-288688-1","NT02. By 2030, restore at least 30 percent of degraded ecosystems and improve ecological integrity and connectivity.","A.2 Extent of natural ecosystems","headline","TF1 Palustrine wetlands biome","2023","%","1.1","",""
"28-Feb-2026 18:58","ORT-NR7ID-MN-288688-1","NT02. By 2030, restore at least 30 percent of degraded ecosystems and improve ecological integrity and connectivity.","A.2 Extent of natural ecosystems","headline","T4 Savannas and grasslands biome","2022","%","73.6","",""
"28-Feb-2026 18:58","ORT-NR7ID-MN-288688-1","NT02. By 2030, restore at least 30 percent of degraded ecosystems and improve ecological integrity and connectivity.","A.2 Extent of natural ecosystems","headline","T7 Intensive land-use biome","2023","%","2.4","",""
"28-Feb-2026 18:58","ORT-NR7ID-MN-288688-1","NT02. By 2030, restore at least 30 percent of degraded ecosystems and improve ecological integrity and connectivity.","A.2 Extent of natural ecosystems","headline","TF1 Palustrine wetlands biome","2024","%","1.1","",""
"28-Feb-2026 18:58","ORT-NR7ID-MN-288688-1","NT02. By 2030, restore at least 30 percent of degraded ecosystems and improve ecological integrity and connectivity.","A.2 Extent of natural ecosystems","headline","T4 Savannas and grasslands biome","2021","%","73.9","",""
"28-Feb-2026 18:58","ORT-NR7ID-MN-288688-1","NT02. By 2030, restore at least 30 percent of degraded ecosystems and improve ecological integrity and connectivity.","A.2 Extent of natural ecosystems","headline","F1 Rivers and streams biome","2024","%","0.2","",""
"28-Feb-2026 18:58","ORT-NR7ID-MN-288688-1","NT02. By 2030, restore at least 30 percent of degraded ecosystems and improve ecological integrity and connectivity.","A.2 Extent of natural ecosystems","headline","T2 Temperate-boreal forests and woodlands biome","2021","%","24.5","",""
"28-Feb-2026 18:58","ORT-NR7ID-MN-288688-1","NT02. By 2030, restore at least 30 percent of degraded ecosystems and improve ecological integrity and connectivity.","A.2 Extent of natural ecosystems","headline","T2 Temperate-boreal forests and woodlands biome","2023","%","13.3","",""
"28-Feb-2026 18:58","ORT-NR7ID-MN-288688-1","NT02. By 2030, restore at least 30 percent of degraded ecosystems and improve ecological integrity and connectivity.","A.2 Extent of natural ecosystems","headline","T2 Temperate-boreal forests and woodlands biome","2022","%","24.5","",""
"28-Feb-2026 18:58","ORT-NR7ID-MN-288688-1","NT02. By 2030, restore at least 30 percent of degraded ecosystems and improve ecological integrity and connectivity.","A.2 Extent of natural ecosystems","headline","F1 Rivers and streams biome","2022","%","0.1","",""
"28-Feb-2026 18:58","ORT-NR7ID-MN-288688-1","NT02. By 2030, restore at least 30 percent of degraded ecosystems and improve ecological integrity and connectivity.","A.2 Extent of natural ecosystems","headline","F2 Lakes biome","2021","%","0.3","",""
"28-Feb-2026 18:58","ORT-NR7ID-MN-288704-1","NT02. By 2030, restore at least 30 percent of degraded ecosystems and improve ecological integrity and connectivity.","A.3 Red List Index","headline","","1999","index","0.962091461111111","",""
"28-Feb-2026 18:58","ORT-NR7ID-MN-288704-1","NT02. By 2030, restore at least 30 percent of degraded ecosystems and improve ecological integrity and connectivity.","A.3 Red List Index","headline","","1994","index","0.964957474400314","",""
"28-Feb-2026 18:58","ORT-NR7ID-MN-288704-1","NT02. By 2030, restore at least 30 percent of degraded ecosystems and improve ecological integrity and connectivity.","A.3 Red List Index","headline","","1993","index","0.965334310308466","",""
"28-Feb-2026 18:58","ORT-NR7ID-MN-288704-1","NT02. By 2030, restore at least 30 percent of degraded ecosystems and improve ecological integrity and connectivity.","A.3 Red List Index","headline","","1995","index","0.964499802777778","",""
"28-Feb-2026 18:58","ORT-NR7ID-MN-288704-1","NT02. By 2030, restore at least 30 percent of degraded ecosystems and improve ecological integrity and connectivity.","A.3 Red List Index","headline","","1996","index","0.963900405741422","",""
"28-Feb-2026 18:58","ORT-NR7ID-MN-288704-1","NT02. By 2030, restore at least 30 percent of degraded ecosystems and improve ecological integrity and connectivity.","A.3 Red List Index","headline","","2006","index","0.959121654166667","",""
"28-Feb-2026 18:58","ORT-NR7ID-MN-288704-1","NT02. By 2030, restore at least 30 percent of degraded ecosystems and improve ecological integrity and connectivity.","A.3 Red List Index","headline","","1997","index","0.9633195","",""
"28-Feb-2026 18:58","ORT-NR7ID-MN-288704-1","NT02. By 2030, restore at least 30 percent of degraded ecosystems and improve ecological integrity and connectivity.","A.3 Red List Index","headline","","1998","index","0.962705480555555","",""
"28-Feb-2026 18:58","ORT-NR7ID-MN-288704-1","NT02. By 2030, restore at least 30 percent of degraded ecosystems and improve ecological integrity and connectivity.","A.3 Red List Index","headline","","2002","index","0.960706438888889","",""
"28-Feb-2026 18:58","ORT-NR7ID-MN-288704-1","NT02. By 2030, restore at least 30 percent of degraded ecosystems and improve ecological integrity and connectivity.","A.3 Red List Index","headline","","2001","index","0.961149563888889","",""
"28-Feb-2026 18:58","ORT-NR7ID-MN-288704-1","NT02. By 2030, restore at least 30 percent of degraded ecosystems and improve ecological integrity and connectivity.","A.3 Red List Index","headline","","2004","index","0.959947594444444","",""
"28-Feb-2026 18:58","ORT-NR7ID-MN-288704-1","NT02. By 2030, restore at least 30 percent of degraded ecosystems and improve ecological integrity and connectivity.","A.3 Red List Index","headline","","2000","index","0.961572822222222","",""
"28-Feb-2026 18:58","ORT-NR7ID-MN-288704-1","NT02. By 2030, restore at least 30 percent of degraded ecosystems and improve ecological integrity and connectivity.","A.3 Red List Index","headline","","2005","index","0.959492311111111","",""
"28-Feb-2026 18:58","ORT-NR7ID-MN-288704-1","NT02. By 2030, restore at least 30 percent of degraded ecosystems and improve ecological integrity and connectivity.","A.3 Red List Index","headline","","2003","index","0.960441163888889","",""
"28-Feb-2026 18:58","ORT-NR7ID-MN-288704-1","NT02. By 2030, restore at least 30 percent of degraded ecosystems and improve ecological integrity and connectivity.","A.3 Red List Index","headline","","2014","index","0.956201844037837","",""
"28-Feb-2026 18:58","ORT-NR7ID-MN-288704-1","NT02. By 2030, restore at least 30 percent of degraded ecosystems and improve ecological integrity and connectivity.","A.3 Red List Index","headline","","2017","index","0.95511281320708","",""
"28-Feb-2026 18:58","ORT-NR7ID-MN-288704-1","NT02. By 2030, restore at least 30 percent of degraded ecosystems and improve ecological integrity and connectivity.","A.3 Red List Index","headline","","2011","index","0.957290743199054","",""
"28-Feb-2026 18:58","ORT-NR7ID-MN-288704-1","NT02. By 2030, restore at least 30 percent of degraded ecosystems and improve ecological integrity and connectivity.","A.3 Red List Index","headline","","2009","index","0.957933274602852","",""
"28-Feb-2026 18:58","ORT-NR7ID-MN-288704-1","NT02. By 2030, restore at least 30 percent of degraded ecosystems and improve ecological integrity and connectivity.","A.3 Red List Index","headline","","2010","index","0.95762681305512","",""
"28-Feb-2026 18:58","ORT-NR7ID-MN-288704-1","NT02. By 2030, restore at least 30 percent of degraded ecosystems and improve ecological integrity and connectivity.","A.3 Red List Index","headline","","2016","index","0.955471897323639","",""
"28-Feb-2026 18:58","ORT-NR7ID-MN-288704-1","NT02. By 2030, restore at least 30 percent of degraded ecosystems and improve ecological integrity and connectivity.","A.3 Red List Index","headline","","2013","index","0.956544400301044","",""
"28-Feb-2026 18:58","ORT-NR7ID-MN-288704-1","NT02. By 2030, restore at least 30 percent of degraded ecosystems and improve ecological integrity and connectivity.","A.3 Red List Index","headline","","2012","index","0.956965047401357","",""
"28-Feb-2026 18:58","ORT-NR7ID-MN-288704-1","NT02. By 2030, restore at least 30 percent of degraded ecosystems and improve ecological integrity and connectivity.","A.3 Red List Index","headline","","2015","index","0.955850953791408","",""
"28-Feb-2026 18:58","ORT-NR7ID-MN-288704-1","NT02. By 2030, restore at least 30 percent of degraded ecosystems and improve ecological integrity and connectivity.","A.3 Red List Index","headline","","2008","index","0.958220972692014","",""
"28-Feb-2026 18:58","ORT-NR7ID-MN-288704-1","NT02. By 2030, restore at least 30 percent of degraded ecosystems and improve ecological integrity and connectivity.","A.3 Red List Index","headline","","2007","index","0.958676066666667","",""
"28-Feb-2026 18:58","ORT-NR7ID-MN-288704-1","NT02. By 2030, restore at least 30 percent of degraded ecosystems and improve ecological integrity and connectivity.","A.3 Red List Index","headline","","2019","index","0.954554834450205","",""
"28-Feb-2026 18:58","ORT-NR7ID-MN-288704-1","NT02. By 2030, restore at least 30 percent of degraded ecosystems and improve ecological integrity and connectivity.","A.3 Red List Index","headline","","2020","index","0.954307313659456","",""
"28-Feb-2026 18:58","ORT-NR7ID-MN-288704-1","NT02. By 2030, restore at least 30 percent of degraded ecosystems and improve ecological integrity and connectivity.","A.3 Red List Index","headline","","2018","index","0.954886194027913","",""
"28-Feb-2026 18:58","ORT-NR7ID-MN-288704-1","NT02. By 2030, restore at least 30 percent of degraded ecosystems and improve ecological integrity and connectivity.","A.3 Red List Index","headline","","2021","index","0.953980828293696","",""
"28-Feb-2026 18:58","ORT-NR7ID-MN-288704-1","NT02. By 2030, restore at least 30 percent of degraded ecosystems and improve ecological integrity and connectivity.","A.3 Red List Index","headline","","2024","index","0.953211011358951","",""
"28-Feb-2026 18:58","ORT-NR7ID-MN-288704-1","NT02. By 2030, restore at least 30 percent of degraded ecosystems and improve ecological integrity and connectivity.","A.3 Red List Index","headline","","2022","index","0.95379517042556","",""
"28-Feb-2026 18:58","ORT-NR7ID-MN-288704-1","NT02. By 2030, restore at least 30 percent of degraded ecosystems and improve ecological integrity and connectivity.","A.3 Red List Index","headline","","2023","index","0.953533068766272","",""
"28-Feb-2026 18:58","ORT-NR7ID-MN-288703-1","NT13. By 2030, establish systems to monitor and transparently report the impacts, risks, and outcomes of business activities regarding biodiversity.","D.1 International public funding, including official development assistance for conservation and sustainable use of biodiversity and ecosystems","headline","Recipient","2021"," USD (millions) ","7.28156","",""
"28-Feb-2026 18:58","ORT-NR7ID-MN-288703-1","NT13. By 2030, establish systems to monitor and transparently report the impacts, risks, and outcomes of business activities regarding biodiversity.","D.1 International public funding, including official development assistance for conservation and sustainable use of biodiversity and ecosystems","headline","Recipient","2022"," USD (millions) ","17.2364","",""
"28-Feb-2026 18:58","ORT-NR7ID-MN-288703-1","NT13. By 2030, establish systems to monitor and transparently report the impacts, risks, and outcomes of business activities regarding biodiversity.","D.1 International public funding, including official development assistance for conservation and sustainable use of biodiversity and ecosystems","headline","Recipient","2019"," USD (millions) ","23.10579","",""
"28-Feb-2026 18:58","ORT-NR7ID-MN-288703-1","NT13. By 2030, establish systems to monitor and transparently report the impacts, risks, and outcomes of business activities regarding biodiversity.","D.1 International public funding, including official development assistance for conservation and sustainable use of biodiversity and ecosystems","headline","Recipient","2015"," USD (millions) ","15.00203","",""
"28-Feb-2026 18:58","ORT-NR7ID-MN-288703-1","NT13. By 2030, establish systems to monitor and transparently report the impacts, risks, and outcomes of business activities regarding biodiversity.","D.1 International public funding, including official development assistance for conservation and sustainable use of biodiversity and ecosystems","headline","Recipient","2016"," USD (millions) ","10.43476","",""
"28-Feb-2026 18:58","ORT-NR7ID-MN-288703-1","NT13. By 2030, establish systems to monitor and transparently report the impacts, risks, and outcomes of business activities regarding biodiversity.","D.1 International public funding, including official development assistance for conservation and sustainable use of biodiversity and ecosystems","headline","Recipient","2017"," USD (millions) ","7.44569","",""
"28-Feb-2026 18:58","ORT-NR7ID-MN-288703-1","NT13. By 2030, establish systems to monitor and transparently report the impacts, risks, and outcomes of business activities regarding biodiversity.","D.1 International public funding, including official development assistance for conservation and sustainable use of biodiversity and ecosystems","headline","Recipient","2020"," USD (millions) ","8.36801","",""
"28-Feb-2026 18:58","ORT-NR7ID-MN-288703-1","NT13. By 2030, establish systems to monitor and transparently report the impacts, risks, and outcomes of business activities regarding biodiversity.","D.1 International public funding, including official development assistance for conservation and sustainable use of biodiversity and ecosystems","headline","Recipient","2018"," USD (millions) ","25.36342","",""
"28-Feb-2026 18:57","ORT-NR7ID-MN-288680-1","NT14. By 2030, minimize overconsumption and waste through supporting public education on sustainable consumption.","D.3 Private funding (domestic and international) on conservation and sustainable use of biodiversity and ecosystems","headline","","2020","million USD","270.03","In analyzing private sector biodiversity-related expenditures, data collection focused on the Top 100 companies identified by the Mongolian National Chamber of Commerce and Industry, as well as major mining companies. The combined revenues of Mongolia’s Top 100 enterprises account for approximately 70 percent of national GDP, indicating a high level of representativeness relative to the population of approximately 87,000 active legal entities as of 2024. Data on biodiversity-related expenditures were collected through a review of corporate social responsibility and sustainability reports, as well as publicly available information disclosed through media sources. Where such information was not available, standardized questionnaires were distributed to enterprises to collect data on biodiversity- and environment-related expenditures.",""
"28-Feb-2026 18:57","ORT-NR7ID-MN-288680-1","NT14. By 2030, minimize overconsumption and waste through supporting public education on sustainable consumption.","D.3 Private funding (domestic and international) on conservation and sustainable use of biodiversity and ecosystems","headline","","2021","million USD","296.99","In analyzing private sector biodiversity-related expenditures, data collection focused on the Top 100 companies identified by the Mongolian National Chamber of Commerce and Industry, as well as major mining companies. The combined revenues of Mongolia’s Top 100 enterprises account for approximately 70 percent of national GDP, indicating a high level of representativeness relative to the population of approximately 87,000 active legal entities as of 2024. Data on biodiversity-related expenditures were collected through a review of corporate social responsibility and sustainability reports, as well as publicly available information disclosed through media sources. Where such information was not available, standardized questionnaires were distributed to enterprises to collect data on biodiversity- and environment-related expenditures.",""
"28-Feb-2026 18:57","ORT-NR7ID-MN-288680-1","NT14. By 2030, minimize overconsumption and waste through supporting public education on sustainable consumption.","D.3 Private funding (domestic and international) on conservation and sustainable use of biodiversity and ecosystems","headline","","2024","million USD","766.29","In analyzing private sector biodiversity-related expenditures, data collection focused on the Top 100 companies identified by the Mongolian National Chamber of Commerce and Industry, as well as major mining companies. The combined revenues of Mongolia’s Top 100 enterprises account for approximately 70 percent of national GDP, indicating a high level of representativeness relative to the population of approximately 87,000 active legal entities as of 2024. Data on biodiversity-related expenditures were collected through a review of corporate social responsibility and sustainability reports, as well as publicly available information disclosed through media sources. Where such information was not available, standardized questionnaires were distributed to enterprises to collect data on biodiversity- and environment-related expenditures.",""
"28-Feb-2026 18:57","ORT-NR7ID-MN-288680-1","NT14. By 2030, minimize overconsumption and waste through supporting public education on sustainable consumption.","D.3 Private funding (domestic and international) on conservation and sustainable use of biodiversity and ecosystems","headline","","2022","million USD","783.21","In analyzing private sector biodiversity-related expenditures, data collection focused on the Top 100 companies identified by the Mongolian National Chamber of Commerce and Industry, as well as major mining companies. The combined revenues of Mongolia’s Top 100 enterprises account for approximately 70 percent of national GDP, indicating a high level of representativeness relative to the population of approximately 87,000 active legal entities as of 2024. Data on biodiversity-related expenditures were collected through a review of corporate social responsibility and sustainability reports, as well as publicly available information disclosed through media sources. Where such information was not available, standardized questionnaires were distributed to enterprises to collect data on biodiversity- and environment-related expenditures.",""
"28-Feb-2026 18:57","ORT-NR7ID-MN-288680-1","NT14. By 2030, minimize overconsumption and waste through supporting public education on sustainable consumption.","D.3 Private funding (domestic and international) on conservation and sustainable use of biodiversity and ecosystems","headline","","2023","million USD","782.01","In analyzing private sector biodiversity-related expenditures, data collection focused on the Top 100 companies identified by the Mongolian National Chamber of Commerce and Industry, as well as major mining companies. The combined revenues of Mongolia’s Top 100 enterprises account for approximately 70 percent of national GDP, indicating a high level of representativeness relative to the population of approximately 87,000 active legal entities as of 2024. Data on biodiversity-related expenditures were collected through a review of corporate social responsibility and sustainability reports, as well as publicly available information disclosed through media sources. Where such information was not available, standardized questionnaires were distributed to enterprises to collect data on biodiversity- and environment-related expenditures.",""
"28-Feb-2026 18:57","ORT-NR7ID-MN-288684-1","NT03. By 2030, 30% of the country's total area will be included in the special protected area network, representing major ecosystem types and strengthening ecological connectivity.","A.4 Proportion of populations within species with an effective population size greater than 500","headline","Mongolian gazelle (Procapra gutturosa)","2021","Proportion (0–1)","0.5","[1]",""
"28-Feb-2026 18:57","ORT-NR7ID-MN-288684-1","NT03. By 2030, 30% of the country's total area will be included in the special protected area network, representing major ecosystem types and strengthening ecological connectivity.","A.4 Proportion of populations within species with an effective population size greater than 500","headline","Mongolian saiga (Saiga tatarica mongolica)","2020","Proportion (0–1)","1","[2]",""
"28-Feb-2026 18:57","ORT-NR7ID-MN-288684-1","NT03. By 2030, 30% of the country's total area will be included in the special protected area network, representing major ecosystem types and strengthening ecological connectivity.","A.4 Proportion of populations within species with an effective population size greater than 500","headline","Mongolian saiga (Saiga tatarica mongolica)","2021","Proportion (0–1)","1","[2]",""
"28-Feb-2026 18:57","ORT-NR7ID-MN-288684-1","NT03. By 2030, 30% of the country's total area will be included in the special protected area network, representing major ecosystem types and strengthening ecological connectivity.","A.4 Proportion of populations within species with an effective population size greater than 500","headline","Mongolian saiga (Saiga tatarica mongolica)","2025","Proportion (0–1)","1","[2]",""
"28-Feb-2026 18:57","ORT-NR7ID-MN-288684-1","NT03. By 2030, 30% of the country's total area will be included in the special protected area network, representing major ecosystem types and strengthening ecological connectivity.","A.4 Proportion of populations within species with an effective population size greater than 500","headline","Mongolian saiga (Saiga tatarica mongolica)","2022","Proportion (0–1)","1","[2]",""
"28-Feb-2026 18:57","ORT-NR7ID-MN-288684-1","NT03. By 2030, 30% of the country's total area will be included in the special protected area network, representing major ecosystem types and strengthening ecological connectivity.","A.4 Proportion of populations within species with an effective population size greater than 500","headline","Mongolian saiga (Saiga tatarica mongolica)","2024","Proportion (0–1)","1","[2]",""
"28-Feb-2026 18:57","ORT-NR7ID-MN-288684-1","NT03. By 2030, 30% of the country's total area will be included in the special protected area network, representing major ecosystem types and strengthening ecological connectivity.","A.4 Proportion of populations within species with an effective population size greater than 500","headline","Mongolian saiga (Saiga tatarica mongolica)","2023","Proportion (0–1)","1","[2]",""
"28-Feb-2026 18:58","ORT-NR7ID-MN-288699-1","NT15. By 2030, enhance the legislative, governance, and monitoring systems for genetically modified organisms.","D.2 Domestic public funding on conservation and sustainable use of biodiversity and ecosystems","headline","","2020","billion tugrik","355","Environmental Protection Expenditure Account and Environmental Subsidies Account.",""
"28-Feb-2026 18:58","ORT-NR7ID-MN-288699-1","NT15. By 2030, enhance the legislative, governance, and monitoring systems for genetically modified organisms.","D.2 Domestic public funding on conservation and sustainable use of biodiversity and ecosystems","headline","","2021","billion tugrik","242.9","Environmental Protection Expenditure Account and Environmental Subsidies Account.",""
"28-Feb-2026 18:58","ORT-NR7ID-MN-288699-1","NT15. By 2030, enhance the legislative, governance, and monitoring systems for genetically modified organisms.","D.2 Domestic public funding on conservation and sustainable use of biodiversity and ecosystems","headline","","2023","billion tugrik","258","Environmental Protection Expenditure Account and Environmental Subsidies Account.",""
"28-Feb-2026 18:58","ORT-NR7ID-MN-288699-1","NT15. By 2030, enhance the legislative, governance, and monitoring systems for genetically modified organisms.","D.2 Domestic public funding on conservation and sustainable use of biodiversity and ecosystems","headline","","2022","billion tugrik","309.6","Environmental Protection Expenditure Account and Environmental Subsidies Account.",""
"28-Feb-2026 18:58","ORT-NR7ID-MN-288703-1","NT14. By 2030, minimize overconsumption and waste through supporting public education on sustainable consumption.","D.1 International public funding, including official development assistance for conservation and sustainable use of biodiversity and ecosystems","headline","Recipient","2015"," USD (millions) ","15.00203","",""
"28-Feb-2026 18:58","ORT-NR7ID-MN-288703-1","NT14. By 2030, minimize overconsumption and waste through supporting public education on sustainable consumption.","D.1 International public funding, including official development assistance for conservation and sustainable use of biodiversity and ecosystems","headline","Recipient","2016"," USD (millions) ","10.43476","",""
"28-Feb-2026 18:58","ORT-NR7ID-MN-288703-1","NT14. By 2030, minimize overconsumption and waste through supporting public education on sustainable consumption.","D.1 International public funding, including official development assistance for conservation and sustainable use of biodiversity and ecosystems","headline","Recipient","2017"," USD (millions) ","7.44569","",""
"28-Feb-2026 18:58","ORT-NR7ID-MN-288703-1","NT14. By 2030, minimize overconsumption and waste through supporting public education on sustainable consumption.","D.1 International public funding, including official development assistance for conservation and sustainable use of biodiversity and ecosystems","headline","Recipient","2019"," USD (millions) ","23.10579","",""
"28-Feb-2026 18:58","ORT-NR7ID-MN-288703-1","NT14. By 2030, minimize overconsumption and waste through supporting public education on sustainable consumption.","D.1 International public funding, including official development assistance for conservation and sustainable use of biodiversity and ecosystems","headline","Recipient","2018"," USD (millions) ","25.36342","",""
"28-Feb-2026 18:58","ORT-NR7ID-MN-288703-1","NT14. By 2030, minimize overconsumption and waste through supporting public education on sustainable consumption.","D.1 International public funding, including official development assistance for conservation and sustainable use of biodiversity and ecosystems","headline","Recipient","2022"," USD (millions) ","17.2364","",""
"28-Feb-2026 18:58","ORT-NR7ID-MN-288703-1","NT14. By 2030, minimize overconsumption and waste through supporting public education on sustainable consumption.","D.1 International public funding, including official development assistance for conservation and sustainable use of biodiversity and ecosystems","headline","Recipient","2021"," USD (millions) ","7.28156","",""
"28-Feb-2026 18:58","ORT-NR7ID-MN-288703-1","NT14. By 2030, minimize overconsumption and waste through supporting public education on sustainable consumption.","D.1 International public funding, including official development assistance for conservation and sustainable use of biodiversity and ecosystems","headline","Recipient","2020"," USD (millions) ","8.36801","",""
"28-Feb-2026 18:58","ORT-NR7ID-MN-288704-1","NT03. By 2030, 30% of the country's total area will be included in the special protected area network, representing major ecosystem types and strengthening ecological connectivity.","A.3 Red List Index","headline","","1993","index","0.965334310308466","",""
"28-Feb-2026 18:58","ORT-NR7ID-MN-288704-1","NT03. By 2030, 30% of the country's total area will be included in the special protected area network, representing major ecosystem types and strengthening ecological connectivity.","A.3 Red List Index","headline","","1994","index","0.964957474400314","",""
"28-Feb-2026 18:58","ORT-NR7ID-MN-288704-1","NT03. By 2030, 30% of the country's total area will be included in the special protected area network, representing major ecosystem types and strengthening ecological connectivity.","A.3 Red List Index","headline","","1996","index","0.963900405741422","",""
"28-Feb-2026 18:58","ORT-NR7ID-MN-288704-1","NT03. By 2030, 30% of the country's total area will be included in the special protected area network, representing major ecosystem types and strengthening ecological connectivity.","A.3 Red List Index","headline","","1995","index","0.964499802777778","",""
"28-Feb-2026 18:58","ORT-NR7ID-MN-288704-1","NT03. By 2030, 30% of the country's total area will be included in the special protected area network, representing major ecosystem types and strengthening ecological connectivity.","A.3 Red List Index","headline","","2000","index","0.961572822222222","",""
"28-Feb-2026 18:58","ORT-NR7ID-MN-288704-1","NT03. By 2030, 30% of the country's total area will be included in the special protected area network, representing major ecosystem types and strengthening ecological connectivity.","A.3 Red List Index","headline","","1999","index","0.962091461111111","",""
"28-Feb-2026 18:58","ORT-NR7ID-MN-288704-1","NT03. By 2030, 30% of the country's total area will be included in the special protected area network, representing major ecosystem types and strengthening ecological connectivity.","A.3 Red List Index","headline","","1998","index","0.962705480555555","",""
"28-Feb-2026 18:58","ORT-NR7ID-MN-288704-1","NT03. By 2030, 30% of the country's total area will be included in the special protected area network, representing major ecosystem types and strengthening ecological connectivity.","A.3 Red List Index","headline","","1997","index","0.9633195","",""
"28-Feb-2026 18:58","ORT-NR7ID-MN-288704-1","NT03. By 2030, 30% of the country's total area will be included in the special protected area network, representing major ecosystem types and strengthening ecological connectivity.","A.3 Red List Index","headline","","2002","index","0.960706438888889","",""
"28-Feb-2026 18:58","ORT-NR7ID-MN-288704-1","NT03. By 2030, 30% of the country's total area will be included in the special protected area network, representing major ecosystem types and strengthening ecological connectivity.","A.3 Red List Index","headline","","2001","index","0.961149563888889","",""
"28-Feb-2026 18:58","ORT-NR7ID-MN-288704-1","NT03. By 2030, 30% of the country's total area will be included in the special protected area network, representing major ecosystem types and strengthening ecological connectivity.","A.3 Red List Index","headline","","2003","index","0.960441163888889","",""
"28-Feb-2026 18:58","ORT-NR7ID-MN-288704-1","NT03. By 2030, 30% of the country's total area will be included in the special protected area network, representing major ecosystem types and strengthening ecological connectivity.","A.3 Red List Index","headline","","2006","index","0.959121654166667","",""
"28-Feb-2026 18:58","ORT-NR7ID-MN-288704-1","NT03. By 2030, 30% of the country's total area will be included in the special protected area network, representing major ecosystem types and strengthening ecological connectivity.","A.3 Red List Index","headline","","2012","index","0.956965047401357","",""
"28-Feb-2026 18:58","ORT-NR7ID-MN-288704-1","NT03. By 2030, 30% of the country's total area will be included in the special protected area network, representing major ecosystem types and strengthening ecological connectivity.","A.3 Red List Index","headline","","2010","index","0.95762681305512","",""
"28-Feb-2026 18:58","ORT-NR7ID-MN-288704-1","NT03. By 2030, 30% of the country's total area will be included in the special protected area network, representing major ecosystem types and strengthening ecological connectivity.","A.3 Red List Index","headline","","2020","index","0.954307313659456","",""
"28-Feb-2026 18:58","ORT-NR7ID-MN-288704-1","NT03. By 2030, 30% of the country's total area will be included in the special protected area network, representing major ecosystem types and strengthening ecological connectivity.","A.3 Red List Index","headline","","2016","index","0.955471897323639","",""
"28-Feb-2026 18:58","ORT-NR7ID-MN-288704-1","NT03. By 2030, 30% of the country's total area will be included in the special protected area network, representing major ecosystem types and strengthening ecological connectivity.","A.3 Red List Index","headline","","2007","index","0.958676066666667","",""
"28-Feb-2026 18:58","ORT-NR7ID-MN-288704-1","NT03. By 2030, 30% of the country's total area will be included in the special protected area network, representing major ecosystem types and strengthening ecological connectivity.","A.3 Red List Index","headline","","2004","index","0.959947594444444","",""
"28-Feb-2026 18:58","ORT-NR7ID-MN-288704-1","NT03. By 2030, 30% of the country's total area will be included in the special protected area network, representing major ecosystem types and strengthening ecological connectivity.","A.3 Red List Index","headline","","2005","index","0.959492311111111","",""
"28-Feb-2026 18:58","ORT-NR7ID-MN-288704-1","NT03. By 2030, 30% of the country's total area will be included in the special protected area network, representing major ecosystem types and strengthening ecological connectivity.","A.3 Red List Index","headline","","2011","index","0.957290743199054","",""
"28-Feb-2026 18:58","ORT-NR7ID-MN-288704-1","NT03. By 2030, 30% of the country's total area will be included in the special protected area network, representing major ecosystem types and strengthening ecological connectivity.","A.3 Red List Index","headline","","2019","index","0.954554834450205","",""
"28-Feb-2026 18:58","ORT-NR7ID-MN-288704-1","NT03. By 2030, 30% of the country's total area will be included in the special protected area network, representing major ecosystem types and strengthening ecological connectivity.","A.3 Red List Index","headline","","2008","index","0.958220972692014","",""
"28-Feb-2026 18:58","ORT-NR7ID-MN-288704-1","NT03. By 2030, 30% of the country's total area will be included in the special protected area network, representing major ecosystem types and strengthening ecological connectivity.","A.3 Red List Index","headline","","2017","index","0.95511281320708","",""
"28-Feb-2026 18:58","ORT-NR7ID-MN-288704-1","NT03. By 2030, 30% of the country's total area will be included in the special protected area network, representing major ecosystem types and strengthening ecological connectivity.","A.3 Red List Index","headline","","2014","index","0.956201844037837","",""
"28-Feb-2026 18:58","ORT-NR7ID-MN-288704-1","NT03. By 2030, 30% of the country's total area will be included in the special protected area network, representing major ecosystem types and strengthening ecological connectivity.","A.3 Red List Index","headline","","2021","index","0.953980828293696","",""
"28-Feb-2026 18:58","ORT-NR7ID-MN-288704-1","NT03. By 2030, 30% of the country's total area will be included in the special protected area network, representing major ecosystem types and strengthening ecological connectivity.","A.3 Red List Index","headline","","2024","index","0.953211011358951","",""
"28-Feb-2026 18:58","ORT-NR7ID-MN-288704-1","NT03. By 2030, 30% of the country's total area will be included in the special protected area network, representing major ecosystem types and strengthening ecological connectivity.","A.3 Red List Index","headline","","2018","index","0.954886194027913","",""
"28-Feb-2026 18:58","ORT-NR7ID-MN-288704-1","NT03. By 2030, 30% of the country's total area will be included in the special protected area network, representing major ecosystem types and strengthening ecological connectivity.","A.3 Red List Index","headline","","2009","index","0.957933274602852","",""
"28-Feb-2026 18:58","ORT-NR7ID-MN-288704-1","NT03. By 2030, 30% of the country's total area will be included in the special protected area network, representing major ecosystem types and strengthening ecological connectivity.","A.3 Red List Index","headline","","2015","index","0.955850953791408","",""
"28-Feb-2026 18:58","ORT-NR7ID-MN-288704-1","NT03. By 2030, 30% of the country's total area will be included in the special protected area network, representing major ecosystem types and strengthening ecological connectivity.","A.3 Red List Index","headline","","2013","index","0.956544400301044","",""
"28-Feb-2026 18:58","ORT-NR7ID-MN-288704-1","NT03. By 2030, 30% of the country's total area will be included in the special protected area network, representing major ecosystem types and strengthening ecological connectivity.","A.3 Red List Index","headline","","2023","index","0.953533068766272","",""
"28-Feb-2026 18:58","ORT-NR7ID-MN-288704-1","NT03. By 2030, 30% of the country's total area will be included in the special protected area network, representing major ecosystem types and strengthening ecological connectivity.","A.3 Red List Index","headline","","2022","index","0.95379517042556","",""
"28-Feb-2026 18:58","ORT-NR7ID-MN-288688-1","NT03. By 2030, 30% of the country's total area will be included in the special protected area network, representing major ecosystem types and strengthening ecological connectivity.","A.2 Extent of natural ecosystems","headline","T2 Temperate-boreal forests and woodlands biome","2021","%","24.5","",""
"28-Feb-2026 18:58","ORT-NR7ID-MN-288688-1","NT03. By 2030, 30% of the country's total area will be included in the special protected area network, representing major ecosystem types and strengthening ecological connectivity.","A.2 Extent of natural ecosystems","headline","F2 Lakes biome","2021","%","0.3","",""
"28-Feb-2026 18:58","ORT-NR7ID-MN-288688-1","NT03. By 2030, 30% of the country's total area will be included in the special protected area network, representing major ecosystem types and strengthening ecological connectivity.","A.2 Extent of natural ecosystems","headline","T7 Intensive land-use biome","2021","%","2.9","",""
"28-Feb-2026 18:58","ORT-NR7ID-MN-288688-1","NT03. By 2030, 30% of the country's total area will be included in the special protected area network, representing major ecosystem types and strengthening ecological connectivity.","A.2 Extent of natural ecosystems","headline","T4 Savannas and grasslands biome","2021","%","73.9","",""
"28-Feb-2026 18:58","ORT-NR7ID-MN-288688-1","NT03. By 2030, 30% of the country's total area will be included in the special protected area network, representing major ecosystem types and strengthening ecological connectivity.","A.2 Extent of natural ecosystems","headline","T2 Temperate-boreal forests and woodlands biome","2024","%","13.3","",""
"28-Feb-2026 18:58","ORT-NR7ID-MN-288688-1","NT03. By 2030, 30% of the country's total area will be included in the special protected area network, representing major ecosystem types and strengthening ecological connectivity.","A.2 Extent of natural ecosystems","headline","T7 Intensive land-use biome","2022","%","3.3","",""
"28-Feb-2026 18:58","ORT-NR7ID-MN-288688-1","NT03. By 2030, 30% of the country's total area will be included in the special protected area network, representing major ecosystem types and strengthening ecological connectivity.","A.2 Extent of natural ecosystems","headline","TF1 Palustrine wetlands biome","2024","%","1.1","",""
"28-Feb-2026 18:58","ORT-NR7ID-MN-288688-1","NT03. By 2030, 30% of the country's total area will be included in the special protected area network, representing major ecosystem types and strengthening ecological connectivity.","A.2 Extent of natural ecosystems","headline","T4 Savannas and grasslands biome","2023","%","84","",""
"28-Feb-2026 18:58","ORT-NR7ID-MN-288688-1","NT03. By 2030, 30% of the country's total area will be included in the special protected area network, representing major ecosystem types and strengthening ecological connectivity.","A.2 Extent of natural ecosystems","headline","T2 Temperate-boreal forests and woodlands biome","2023","%","13.3","",""
"28-Feb-2026 18:58","ORT-NR7ID-MN-288688-1","NT03. By 2030, 30% of the country's total area will be included in the special protected area network, representing major ecosystem types and strengthening ecological connectivity.","A.2 Extent of natural ecosystems","headline","F1 Rivers and streams biome","2024","%","0.2","",""
"28-Feb-2026 18:58","ORT-NR7ID-MN-288688-1","NT03. By 2030, 30% of the country's total area will be included in the special protected area network, representing major ecosystem types and strengthening ecological connectivity.","A.2 Extent of natural ecosystems","headline","F1 Rivers and streams biome","2021","%","0.1","",""
"28-Feb-2026 18:58","ORT-NR7ID-MN-288688-1","NT03. By 2030, 30% of the country's total area will be included in the special protected area network, representing major ecosystem types and strengthening ecological connectivity.","A.2 Extent of natural ecosystems","headline","TF1 Palustrine wetlands biome","2023","%","1.1","",""
"28-Feb-2026 18:58","ORT-NR7ID-MN-288688-1","NT03. By 2030, 30% of the country's total area will be included in the special protected area network, representing major ecosystem types and strengthening ecological connectivity.","A.2 Extent of natural ecosystems","headline","T7 Intensive land-use biome","2024","%","2.4","",""
"28-Feb-2026 18:58","ORT-NR7ID-MN-288688-1","NT03. By 2030, 30% of the country's total area will be included in the special protected area network, representing major ecosystem types and strengthening ecological connectivity.","A.2 Extent of natural ecosystems","headline","F1 Rivers and streams biome","2022","%","0.1","",""
"28-Feb-2026 18:58","ORT-NR7ID-MN-288688-1","NT03. By 2030, 30% of the country's total area will be included in the special protected area network, representing major ecosystem types and strengthening ecological connectivity.","A.2 Extent of natural ecosystems","headline","T4 Savannas and grasslands biome","2024","%","84","",""
"28-Feb-2026 18:58","ORT-NR7ID-MN-288688-1","NT03. By 2030, 30% of the country's total area will be included in the special protected area network, representing major ecosystem types and strengthening ecological connectivity.","A.2 Extent of natural ecosystems","headline","F2 Lakes biome","2023","%","9","",""
"28-Feb-2026 18:58","ORT-NR7ID-MN-288688-1","NT03. By 2030, 30% of the country's total area will be included in the special protected area network, representing major ecosystem types and strengthening ecological connectivity.","A.2 Extent of natural ecosystems","headline","T4 Savannas and grasslands biome","2022","%","73.6","",""
"28-Feb-2026 18:58","ORT-NR7ID-MN-288688-1","NT03. By 2030, 30% of the country's total area will be included in the special protected area network, representing major ecosystem types and strengthening ecological connectivity.","A.2 Extent of natural ecosystems","headline","T7 Intensive land-use biome","2023","%","2.4","",""
"28-Feb-2026 18:58","ORT-NR7ID-MN-288688-1","NT03. By 2030, 30% of the country's total area will be included in the special protected area network, representing major ecosystem types and strengthening ecological connectivity.","A.2 Extent of natural ecosystems","headline","F2 Lakes biome","2022","%","0.3","",""
"28-Feb-2026 18:58","ORT-NR7ID-MN-288688-1","NT03. By 2030, 30% of the country's total area will be included in the special protected area network, representing major ecosystem types and strengthening ecological connectivity.","A.2 Extent of natural ecosystems","headline","F1 Rivers and streams biome","2023","%","0.2","",""
"28-Feb-2026 18:58","ORT-NR7ID-MN-288688-1","NT03. By 2030, 30% of the country's total area will be included in the special protected area network, representing major ecosystem types and strengthening ecological connectivity.","A.2 Extent of natural ecosystems","headline","T2 Temperate-boreal forests and woodlands biome","2022","%","24.5","",""
"28-Feb-2026 18:57","ORT-NR7ID-MN-288680-1","NT15. By 2030, enhance the legislative, governance, and monitoring systems for genetically modified organisms.","D.3 Private funding (domestic and international) on conservation and sustainable use of biodiversity and ecosystems","headline","","2020","million USD","270.03","In analyzing private sector biodiversity-related expenditures, data collection focused on the Top 100 companies identified by the Mongolian National Chamber of Commerce and Industry, as well as major mining companies. The combined revenues of Mongolia’s Top 100 enterprises account for approximately 70 percent of national GDP, indicating a high level of representativeness relative to the population of approximately 87,000 active legal entities as of 2024. Data on biodiversity-related expenditures were collected through a review of corporate social responsibility and sustainability reports, as well as publicly available information disclosed through media sources. Where such information was not available, standardized questionnaires were distributed to enterprises to collect data on biodiversity- and environment-related expenditures.",""
"28-Feb-2026 18:57","ORT-NR7ID-MN-288680-1","NT15. By 2030, enhance the legislative, governance, and monitoring systems for genetically modified organisms.","D.3 Private funding (domestic and international) on conservation and sustainable use of biodiversity and ecosystems","headline","","2024","million USD","766.29","In analyzing private sector biodiversity-related expenditures, data collection focused on the Top 100 companies identified by the Mongolian National Chamber of Commerce and Industry, as well as major mining companies. The combined revenues of Mongolia’s Top 100 enterprises account for approximately 70 percent of national GDP, indicating a high level of representativeness relative to the population of approximately 87,000 active legal entities as of 2024. Data on biodiversity-related expenditures were collected through a review of corporate social responsibility and sustainability reports, as well as publicly available information disclosed through media sources. Where such information was not available, standardized questionnaires were distributed to enterprises to collect data on biodiversity- and environment-related expenditures.",""
"28-Feb-2026 18:57","ORT-NR7ID-MN-288680-1","NT15. By 2030, enhance the legislative, governance, and monitoring systems for genetically modified organisms.","D.3 Private funding (domestic and international) on conservation and sustainable use of biodiversity and ecosystems","headline","","2023","million USD","782.01","In analyzing private sector biodiversity-related expenditures, data collection focused on the Top 100 companies identified by the Mongolian National Chamber of Commerce and Industry, as well as major mining companies. The combined revenues of Mongolia’s Top 100 enterprises account for approximately 70 percent of national GDP, indicating a high level of representativeness relative to the population of approximately 87,000 active legal entities as of 2024. Data on biodiversity-related expenditures were collected through a review of corporate social responsibility and sustainability reports, as well as publicly available information disclosed through media sources. Where such information was not available, standardized questionnaires were distributed to enterprises to collect data on biodiversity- and environment-related expenditures.",""
"28-Feb-2026 18:57","ORT-NR7ID-MN-288680-1","NT15. By 2030, enhance the legislative, governance, and monitoring systems for genetically modified organisms.","D.3 Private funding (domestic and international) on conservation and sustainable use of biodiversity and ecosystems","headline","","2021","million USD","296.99","In analyzing private sector biodiversity-related expenditures, data collection focused on the Top 100 companies identified by the Mongolian National Chamber of Commerce and Industry, as well as major mining companies. The combined revenues of Mongolia’s Top 100 enterprises account for approximately 70 percent of national GDP, indicating a high level of representativeness relative to the population of approximately 87,000 active legal entities as of 2024. Data on biodiversity-related expenditures were collected through a review of corporate social responsibility and sustainability reports, as well as publicly available information disclosed through media sources. Where such information was not available, standardized questionnaires were distributed to enterprises to collect data on biodiversity- and environment-related expenditures.",""
"28-Feb-2026 18:57","ORT-NR7ID-MN-288680-1","NT15. By 2030, enhance the legislative, governance, and monitoring systems for genetically modified organisms.","D.3 Private funding (domestic and international) on conservation and sustainable use of biodiversity and ecosystems","headline","","2022","million USD","783.21","In analyzing private sector biodiversity-related expenditures, data collection focused on the Top 100 companies identified by the Mongolian National Chamber of Commerce and Industry, as well as major mining companies. The combined revenues of Mongolia’s Top 100 enterprises account for approximately 70 percent of national GDP, indicating a high level of representativeness relative to the population of approximately 87,000 active legal entities as of 2024. Data on biodiversity-related expenditures were collected through a review of corporate social responsibility and sustainability reports, as well as publicly available information disclosed through media sources. Where such information was not available, standardized questionnaires were distributed to enterprises to collect data on biodiversity- and environment-related expenditures.",""
"28-Feb-2026 18:58","ORT-NR7ID-MN-288688-1","NT04. By 2030, Reduce the risk of extinction of threatened species and conserve genetic diversity","A.2 Extent of natural ecosystems","headline","F1 Rivers and streams biome","2021","%","0.1","",""
"28-Feb-2026 18:58","ORT-NR7ID-MN-288688-1","NT04. By 2030, Reduce the risk of extinction of threatened species and conserve genetic diversity","A.2 Extent of natural ecosystems","headline","F2 Lakes biome","2022","%","0.3","",""
"28-Feb-2026 18:58","ORT-NR7ID-MN-288688-1","NT04. By 2030, Reduce the risk of extinction of threatened species and conserve genetic diversity","A.2 Extent of natural ecosystems","headline","T4 Savannas and grasslands biome","2022","%","73.6","",""
"28-Feb-2026 18:58","ORT-NR7ID-MN-288688-1","NT04. By 2030, Reduce the risk of extinction of threatened species and conserve genetic diversity","A.2 Extent of natural ecosystems","headline","F1 Rivers and streams biome","2022","%","0.1","",""
"28-Feb-2026 18:58","ORT-NR7ID-MN-288688-1","NT04. By 2030, Reduce the risk of extinction of threatened species and conserve genetic diversity","A.2 Extent of natural ecosystems","headline","T2 Temperate-boreal forests and woodlands biome","2023","%","13.3","",""
"28-Feb-2026 18:58","ORT-NR7ID-MN-288688-1","NT04. By 2030, Reduce the risk of extinction of threatened species and conserve genetic diversity","A.2 Extent of natural ecosystems","headline","F2 Lakes biome","2021","%","0.3","",""
"28-Feb-2026 18:58","ORT-NR7ID-MN-288688-1","NT04. By 2030, Reduce the risk of extinction of threatened species and conserve genetic diversity","A.2 Extent of natural ecosystems","headline","F2 Lakes biome","2023","%","9","",""
"28-Feb-2026 18:57","ORT-NR7ID-MN-288684-1","NT04. By 2030, Reduce the risk of extinction of threatened species and conserve genetic diversity","A.4 Proportion of populations within species with an effective population size greater than 500","headline","Mongolian saiga (Saiga tatarica mongolica)","2023","Proportion (0–1)","1","[2]",""
"28-Feb-2026 18:57","ORT-NR7ID-MN-288684-1","NT04. By 2030, Reduce the risk of extinction of threatened species and conserve genetic diversity","A.4 Proportion of populations within species with an effective population size greater than 500","headline","Mongolian gazelle (Procapra gutturosa)","2021","Proportion (0–1)","0.5","[1]",""
"28-Feb-2026 18:58","ORT-NR7ID-MN-288688-1","NT04. By 2030, Reduce the risk of extinction of threatened species and conserve genetic diversity","A.2 Extent of natural ecosystems","headline","F1 Rivers and streams biome","2024","%","0.2","",""
"28-Feb-2026 18:58","ORT-NR7ID-MN-288688-1","NT04. By 2030, Reduce the risk of extinction of threatened species and conserve genetic diversity","A.2 Extent of natural ecosystems","headline","T2 Temperate-boreal forests and woodlands biome","2021","%","24.5","",""
"28-Feb-2026 18:58","ORT-NR7ID-MN-288688-1","NT04. By 2030, Reduce the risk of extinction of threatened species and conserve genetic diversity","A.2 Extent of natural ecosystems","headline","T2 Temperate-boreal forests and woodlands biome","2024","%","13.3","",""
"28-Feb-2026 18:58","ORT-NR7ID-MN-288688-1","NT04. By 2030, Reduce the risk of extinction of threatened species and conserve genetic diversity","A.2 Extent of natural ecosystems","headline","T4 Savannas and grasslands biome","2024","%","84","",""
"28-Feb-2026 18:58","ORT-NR7ID-MN-288688-1","NT04. By 2030, Reduce the risk of extinction of threatened species and conserve genetic diversity","A.2 Extent of natural ecosystems","headline","T7 Intensive land-use biome","2021","%","2.9","",""
"28-Feb-2026 18:58","ORT-NR7ID-MN-288688-1","NT04. By 2030, Reduce the risk of extinction of threatened species and conserve genetic diversity","A.2 Extent of natural ecosystems","headline","T4 Savannas and grasslands biome","2023","%","84","",""
"28-Feb-2026 18:58","ORT-NR7ID-MN-288688-1","NT04. By 2030, Reduce the risk of extinction of threatened species and conserve genetic diversity","A.2 Extent of natural ecosystems","headline","TF1 Palustrine wetlands biome","2024","%","1.1","",""
"28-Feb-2026 18:58","ORT-NR7ID-MN-288688-1","NT04. By 2030, Reduce the risk of extinction of threatened species and conserve genetic diversity","A.2 Extent of natural ecosystems","headline","T7 Intensive land-use biome","2024","%","2.4","",""
"28-Feb-2026 18:58","ORT-NR7ID-MN-288688-1","NT04. By 2030, Reduce the risk of extinction of threatened species and conserve genetic diversity","A.2 Extent of natural ecosystems","headline","T2 Temperate-boreal forests and woodlands biome","2022","%","24.5","",""
"28-Feb-2026 18:58","ORT-NR7ID-MN-288688-1","NT04. By 2030, Reduce the risk of extinction of threatened species and conserve genetic diversity","A.2 Extent of natural ecosystems","headline","T7 Intensive land-use biome","2022","%","3.3","",""
"28-Feb-2026 18:58","ORT-NR7ID-MN-288688-1","NT04. By 2030, Reduce the risk of extinction of threatened species and conserve genetic diversity","A.2 Extent of natural ecosystems","headline","T7 Intensive land-use biome","2023","%","2.4","",""
"28-Feb-2026 18:57","ORT-NR7ID-MN-288684-1","NT04. By 2030, Reduce the risk of extinction of threatened species and conserve genetic diversity","A.4 Proportion of populations within species with an effective population size greater than 500","headline","Mongolian saiga (Saiga tatarica mongolica)","2025","Proportion (0–1)","1","[2]",""
"28-Feb-2026 18:57","ORT-NR7ID-MN-288684-1","NT04. By 2030, Reduce the risk of extinction of threatened species and conserve genetic diversity","A.4 Proportion of populations within species with an effective population size greater than 500","headline","Mongolian saiga (Saiga tatarica mongolica)","2024","Proportion (0–1)","1","[2]",""
"28-Feb-2026 18:58","ORT-NR7ID-MN-288688-1","NT04. By 2030, Reduce the risk of extinction of threatened species and conserve genetic diversity","A.2 Extent of natural ecosystems","headline","F1 Rivers and streams biome","2023","%","0.2","",""
"28-Feb-2026 18:58","ORT-NR7ID-MN-288688-1","NT04. By 2030, Reduce the risk of extinction of threatened species and conserve genetic diversity","A.2 Extent of natural ecosystems","headline","T4 Savannas and grasslands biome","2021","%","73.9","",""
"28-Feb-2026 18:57","ORT-NR7ID-MN-288684-1","NT04. By 2030, Reduce the risk of extinction of threatened species and conserve genetic diversity","A.4 Proportion of populations within species with an effective population size greater than 500","headline","Mongolian saiga (Saiga tatarica mongolica)","2021","Proportion (0–1)","1","[2]",""
"28-Feb-2026 18:58","ORT-NR7ID-MN-288688-1","NT04. By 2030, Reduce the risk of extinction of threatened species and conserve genetic diversity","A.2 Extent of natural ecosystems","headline","TF1 Palustrine wetlands biome","2023","%","1.1","",""
"28-Feb-2026 18:57","ORT-NR7ID-MN-288684-1","NT04. By 2030, Reduce the risk of extinction of threatened species and conserve genetic diversity","A.4 Proportion of populations within species with an effective population size greater than 500","headline","Mongolian saiga (Saiga tatarica mongolica)","2020","Proportion (0–1)","1","[2]",""
"28-Feb-2026 18:57","ORT-NR7ID-MN-288684-1","NT04. By 2030, Reduce the risk of extinction of threatened species and conserve genetic diversity","A.4 Proportion of populations within species with an effective population size greater than 500","headline","Mongolian saiga (Saiga tatarica mongolica)","2022","Proportion (0–1)","1","[2]",""
"28-Feb-2026 18:58","ORT-NR7ID-MN-288704-1","NT04. By 2030, Reduce the risk of extinction of threatened species and conserve genetic diversity","A.3 Red List Index","headline","","1993","index","0.965334310308466","",""
"28-Feb-2026 18:58","ORT-NR7ID-MN-288704-1","NT04. By 2030, Reduce the risk of extinction of threatened species and conserve genetic diversity","A.3 Red List Index","headline","","1998","index","0.962705480555555","",""
"28-Feb-2026 18:58","ORT-NR7ID-MN-288704-1","NT04. By 2030, Reduce the risk of extinction of threatened species and conserve genetic diversity","A.3 Red List Index","headline","","1994","index","0.964957474400314","",""
"28-Feb-2026 18:58","ORT-NR7ID-MN-288704-1","NT04. By 2030, Reduce the risk of extinction of threatened species and conserve genetic diversity","A.3 Red List Index","headline","","1995","index","0.964499802777778","",""
"28-Feb-2026 18:58","ORT-NR7ID-MN-288704-1","NT04. By 2030, Reduce the risk of extinction of threatened species and conserve genetic diversity","A.3 Red List Index","headline","","1997","index","0.9633195","",""
"28-Feb-2026 18:58","ORT-NR7ID-MN-288704-1","NT04. By 2030, Reduce the risk of extinction of threatened species and conserve genetic diversity","A.3 Red List Index","headline","","1996","index","0.963900405741422","",""
"28-Feb-2026 18:58","ORT-NR7ID-MN-288704-1","NT04. By 2030, Reduce the risk of extinction of threatened species and conserve genetic diversity","A.3 Red List Index","headline","","2006","index","0.959121654166667","",""
"28-Feb-2026 18:58","ORT-NR7ID-MN-288704-1","NT04. By 2030, Reduce the risk of extinction of threatened species and conserve genetic diversity","A.3 Red List Index","headline","","2003","index","0.960441163888889","",""
"28-Feb-2026 18:58","ORT-NR7ID-MN-288704-1","NT04. By 2030, Reduce the risk of extinction of threatened species and conserve genetic diversity","A.3 Red List Index","headline","","2009","index","0.957933274602852","",""
"28-Feb-2026 18:58","ORT-NR7ID-MN-288704-1","NT04. By 2030, Reduce the risk of extinction of threatened species and conserve genetic diversity","A.3 Red List Index","headline","","2005","index","0.959492311111111","",""
"28-Feb-2026 18:58","ORT-NR7ID-MN-288704-1","NT04. By 2030, Reduce the risk of extinction of threatened species and conserve genetic diversity","A.3 Red List Index","headline","","2001","index","0.961149563888889","",""
"28-Feb-2026 18:58","ORT-NR7ID-MN-288704-1","NT04. By 2030, Reduce the risk of extinction of threatened species and conserve genetic diversity","A.3 Red List Index","headline","","2000","index","0.961572822222222","",""
"28-Feb-2026 18:58","ORT-NR7ID-MN-288704-1","NT04. By 2030, Reduce the risk of extinction of threatened species and conserve genetic diversity","A.3 Red List Index","headline","","2004","index","0.959947594444444","",""
"28-Feb-2026 18:58","ORT-NR7ID-MN-288704-1","NT04. By 2030, Reduce the risk of extinction of threatened species and conserve genetic diversity","A.3 Red List Index","headline","","1999","index","0.962091461111111","",""
"28-Feb-2026 18:58","ORT-NR7ID-MN-288704-1","NT04. By 2030, Reduce the risk of extinction of threatened species and conserve genetic diversity","A.3 Red List Index","headline","","2011","index","0.957290743199054","",""
"28-Feb-2026 18:58","ORT-NR7ID-MN-288704-1","NT04. By 2030, Reduce the risk of extinction of threatened species and conserve genetic diversity","A.3 Red List Index","headline","","2002","index","0.960706438888889","",""
"28-Feb-2026 18:58","ORT-NR7ID-MN-288704-1","NT04. By 2030, Reduce the risk of extinction of threatened species and conserve genetic diversity","A.3 Red List Index","headline","","2010","index","0.95762681305512","",""
"28-Feb-2026 18:58","ORT-NR7ID-MN-288704-1","NT04. By 2030, Reduce the risk of extinction of threatened species and conserve genetic diversity","A.3 Red List Index","headline","","2013","index","0.956544400301044","",""
"28-Feb-2026 18:58","ORT-NR7ID-MN-288704-1","NT04. By 2030, Reduce the risk of extinction of threatened species and conserve genetic diversity","A.3 Red List Index","headline","","2012","index","0.956965047401357","",""
"28-Feb-2026 18:58","ORT-NR7ID-MN-288704-1","NT04. By 2030, Reduce the risk of extinction of threatened species and conserve genetic diversity","A.3 Red List Index","headline","","2008","index","0.958220972692014","",""
"28-Feb-2026 18:58","ORT-NR7ID-MN-288704-1","NT04. By 2030, Reduce the risk of extinction of threatened species and conserve genetic diversity","A.3 Red List Index","headline","","2007","index","0.958676066666667","",""
"28-Feb-2026 18:58","ORT-NR7ID-MN-288704-1","NT04. By 2030, Reduce the risk of extinction of threatened species and conserve genetic diversity","A.3 Red List Index","headline","","2014","index","0.956201844037837","",""
"28-Feb-2026 18:58","ORT-NR7ID-MN-288704-1","NT04. By 2030, Reduce the risk of extinction of threatened species and conserve genetic diversity","A.3 Red List Index","headline","","2023","index","0.953533068766272","",""
"28-Feb-2026 18:58","ORT-NR7ID-MN-288704-1","NT04. By 2030, Reduce the risk of extinction of threatened species and conserve genetic diversity","A.3 Red List Index","headline","","2015","index","0.955850953791408","",""
"28-Feb-2026 18:58","ORT-NR7ID-MN-288704-1","NT04. By 2030, Reduce the risk of extinction of threatened species and conserve genetic diversity","A.3 Red List Index","headline","","2024","index","0.953211011358951","",""
"28-Feb-2026 18:58","ORT-NR7ID-MN-288704-1","NT04. By 2030, Reduce the risk of extinction of threatened species and conserve genetic diversity","A.3 Red List Index","headline","","2021","index","0.953980828293696","",""
"28-Feb-2026 18:58","ORT-NR7ID-MN-288704-1","NT04. By 2030, Reduce the risk of extinction of threatened species and conserve genetic diversity","A.3 Red List Index","headline","","2019","index","0.954554834450205","",""
"28-Feb-2026 18:58","ORT-NR7ID-MN-288704-1","NT04. By 2030, Reduce the risk of extinction of threatened species and conserve genetic diversity","A.3 Red List Index","headline","","2020","index","0.954307313659456","",""
"28-Feb-2026 18:58","ORT-NR7ID-MN-288704-1","NT04. By 2030, Reduce the risk of extinction of threatened species and conserve genetic diversity","A.3 Red List Index","headline","","2022","index","0.95379517042556","",""
"28-Feb-2026 18:58","ORT-NR7ID-MN-288704-1","NT04. By 2030, Reduce the risk of extinction of threatened species and conserve genetic diversity","A.3 Red List Index","headline","","2016","index","0.955471897323639","",""
"28-Feb-2026 18:58","ORT-NR7ID-MN-288704-1","NT04. By 2030, Reduce the risk of extinction of threatened species and conserve genetic diversity","A.3 Red List Index","headline","","2018","index","0.954886194027913","",""
"28-Feb-2026 18:58","ORT-NR7ID-MN-288704-1","NT04. By 2030, Reduce the risk of extinction of threatened species and conserve genetic diversity","A.3 Red List Index","headline","","2017","index","0.95511281320708","",""
"28-Feb-2026 18:58","ORT-NR7ID-MN-288699-1","NT16. By 2030, reform subsidies and incentives that have negative impacts on biodiversity, while increasing environmentally positive (green) incentives.","D.2 Domestic public funding on conservation and sustainable use of biodiversity and ecosystems","headline","","2023","billion tugrik","258","Environmental Protection Expenditure Account and Environmental Subsidies Account.",""
"28-Feb-2026 18:58","ORT-NR7ID-MN-288699-1","NT16. By 2030, reform subsidies and incentives that have negative impacts on biodiversity, while increasing environmentally positive (green) incentives.","D.2 Domestic public funding on conservation and sustainable use of biodiversity and ecosystems","headline","","2021","billion tugrik","242.9","Environmental Protection Expenditure Account and Environmental Subsidies Account.",""
"28-Feb-2026 18:58","ORT-NR7ID-MN-288703-1","NT15. By 2030, enhance the legislative, governance, and monitoring systems for genetically modified organisms.","D.1 International public funding, including official development assistance for conservation and sustainable use of biodiversity and ecosystems","headline","Recipient","2017"," USD (millions) ","7.44569","",""
"28-Feb-2026 18:58","ORT-NR7ID-MN-288699-1","NT16. By 2030, reform subsidies and incentives that have negative impacts on biodiversity, while increasing environmentally positive (green) incentives.","D.2 Domestic public funding on conservation and sustainable use of biodiversity and ecosystems","headline","","2022","billion tugrik","309.6","Environmental Protection Expenditure Account and Environmental Subsidies Account.",""
"28-Feb-2026 18:58","ORT-NR7ID-MN-288703-1","NT15. By 2030, enhance the legislative, governance, and monitoring systems for genetically modified organisms.","D.1 International public funding, including official development assistance for conservation and sustainable use of biodiversity and ecosystems","headline","Recipient","2015"," USD (millions) ","15.00203","",""
"28-Feb-2026 18:58","ORT-NR7ID-MN-288699-1","NT16. By 2030, reform subsidies and incentives that have negative impacts on biodiversity, while increasing environmentally positive (green) incentives.","D.2 Domestic public funding on conservation and sustainable use of biodiversity and ecosystems","headline","","2020","billion tugrik","355","Environmental Protection Expenditure Account and Environmental Subsidies Account.",""
"28-Feb-2026 18:58","ORT-NR7ID-MN-288703-1","NT15. By 2030, enhance the legislative, governance, and monitoring systems for genetically modified organisms.","D.1 International public funding, including official development assistance for conservation and sustainable use of biodiversity and ecosystems","headline","Recipient","2019"," USD (millions) ","23.10579","",""
"28-Feb-2026 18:58","ORT-NR7ID-MN-288703-1","NT15. By 2030, enhance the legislative, governance, and monitoring systems for genetically modified organisms.","D.1 International public funding, including official development assistance for conservation and sustainable use of biodiversity and ecosystems","headline","Recipient","2020"," USD (millions) ","8.36801","",""
"28-Feb-2026 18:58","ORT-NR7ID-MN-288703-1","NT15. By 2030, enhance the legislative, governance, and monitoring systems for genetically modified organisms.","D.1 International public funding, including official development assistance for conservation and sustainable use of biodiversity and ecosystems","headline","Recipient","2021"," USD (millions) ","7.28156","",""
"28-Feb-2026 18:58","ORT-NR7ID-MN-288703-1","NT15. By 2030, enhance the legislative, governance, and monitoring systems for genetically modified organisms.","D.1 International public funding, including official development assistance for conservation and sustainable use of biodiversity and ecosystems","headline","Recipient","2016"," USD (millions) ","10.43476","",""
"28-Feb-2026 18:58","ORT-NR7ID-MN-288703-1","NT15. By 2030, enhance the legislative, governance, and monitoring systems for genetically modified organisms.","D.1 International public funding, including official development assistance for conservation and sustainable use of biodiversity and ecosystems","headline","Recipient","2022"," USD (millions) ","17.2364","",""
"28-Feb-2026 18:58","ORT-NR7ID-MN-288703-1","NT15. By 2030, enhance the legislative, governance, and monitoring systems for genetically modified organisms.","D.1 International public funding, including official development assistance for conservation and sustainable use of biodiversity and ecosystems","headline","Recipient","2018"," USD (millions) ","25.36342","",""
"28-Feb-2026 18:57","ORT-NR7ID-MN-288680-1","NT16. By 2030, reform subsidies and incentives that have negative impacts on biodiversity, while increasing environmentally positive (green) incentives.","D.3 Private funding (domestic and international) on conservation and sustainable use of biodiversity and ecosystems","headline","","2022","million USD","783.21","In analyzing private sector biodiversity-related expenditures, data collection focused on the Top 100 companies identified by the Mongolian National Chamber of Commerce and Industry, as well as major mining companies. The combined revenues of Mongolia’s Top 100 enterprises account for approximately 70 percent of national GDP, indicating a high level of representativeness relative to the population of approximately 87,000 active legal entities as of 2024. Data on biodiversity-related expenditures were collected through a review of corporate social responsibility and sustainability reports, as well as publicly available information disclosed through media sources. Where such information was not available, standardized questionnaires were distributed to enterprises to collect data on biodiversity- and environment-related expenditures.",""
"28-Feb-2026 18:57","ORT-NR7ID-MN-288680-1","NT16. By 2030, reform subsidies and incentives that have negative impacts on biodiversity, while increasing environmentally positive (green) incentives.","D.3 Private funding (domestic and international) on conservation and sustainable use of biodiversity and ecosystems","headline","","2021","million USD","296.99","In analyzing private sector biodiversity-related expenditures, data collection focused on the Top 100 companies identified by the Mongolian National Chamber of Commerce and Industry, as well as major mining companies. The combined revenues of Mongolia’s Top 100 enterprises account for approximately 70 percent of national GDP, indicating a high level of representativeness relative to the population of approximately 87,000 active legal entities as of 2024. Data on biodiversity-related expenditures were collected through a review of corporate social responsibility and sustainability reports, as well as publicly available information disclosed through media sources. Where such information was not available, standardized questionnaires were distributed to enterprises to collect data on biodiversity- and environment-related expenditures.",""
"28-Feb-2026 18:57","ORT-NR7ID-MN-288680-1","NT16. By 2030, reform subsidies and incentives that have negative impacts on biodiversity, while increasing environmentally positive (green) incentives.","D.3 Private funding (domestic and international) on conservation and sustainable use of biodiversity and ecosystems","headline","","2020","million USD","270.03","In analyzing private sector biodiversity-related expenditures, data collection focused on the Top 100 companies identified by the Mongolian National Chamber of Commerce and Industry, as well as major mining companies. The combined revenues of Mongolia’s Top 100 enterprises account for approximately 70 percent of national GDP, indicating a high level of representativeness relative to the population of approximately 87,000 active legal entities as of 2024. Data on biodiversity-related expenditures were collected through a review of corporate social responsibility and sustainability reports, as well as publicly available information disclosed through media sources. Where such information was not available, standardized questionnaires were distributed to enterprises to collect data on biodiversity- and environment-related expenditures.",""
"28-Feb-2026 18:57","ORT-NR7ID-MN-288680-1","NT16. By 2030, reform subsidies and incentives that have negative impacts on biodiversity, while increasing environmentally positive (green) incentives.","D.3 Private funding (domestic and international) on conservation and sustainable use of biodiversity and ecosystems","headline","","2024","million USD","766.29","In analyzing private sector biodiversity-related expenditures, data collection focused on the Top 100 companies identified by the Mongolian National Chamber of Commerce and Industry, as well as major mining companies. The combined revenues of Mongolia’s Top 100 enterprises account for approximately 70 percent of national GDP, indicating a high level of representativeness relative to the population of approximately 87,000 active legal entities as of 2024. Data on biodiversity-related expenditures were collected through a review of corporate social responsibility and sustainability reports, as well as publicly available information disclosed through media sources. Where such information was not available, standardized questionnaires were distributed to enterprises to collect data on biodiversity- and environment-related expenditures.",""
"28-Feb-2026 18:57","ORT-NR7ID-MN-288680-1","NT16. By 2030, reform subsidies and incentives that have negative impacts on biodiversity, while increasing environmentally positive (green) incentives.","D.3 Private funding (domestic and international) on conservation and sustainable use of biodiversity and ecosystems","headline","","2023","million USD","782.01","In analyzing private sector biodiversity-related expenditures, data collection focused on the Top 100 companies identified by the Mongolian National Chamber of Commerce and Industry, as well as major mining companies. The combined revenues of Mongolia’s Top 100 enterprises account for approximately 70 percent of national GDP, indicating a high level of representativeness relative to the population of approximately 87,000 active legal entities as of 2024. Data on biodiversity-related expenditures were collected through a review of corporate social responsibility and sustainability reports, as well as publicly available information disclosed through media sources. Where such information was not available, standardized questionnaires were distributed to enterprises to collect data on biodiversity- and environment-related expenditures.",""
"28-Feb-2026 18:58","ORT-NR7ID-MN-288688-1","NT05. By 2030, register, control, and assess the impacts of invasive alien species, while building the capacity to combat and prevent their adverse effects.","A.2 Extent of natural ecosystems","headline","T7 Intensive land-use biome","2022","%","3.3","",""
"28-Feb-2026 18:58","ORT-NR7ID-MN-288688-1","NT05. By 2030, register, control, and assess the impacts of invasive alien species, while building the capacity to combat and prevent their adverse effects.","A.2 Extent of natural ecosystems","headline","T7 Intensive land-use biome","2023","%","2.4","",""
"28-Feb-2026 18:58","ORT-NR7ID-MN-288688-1","NT05. By 2030, register, control, and assess the impacts of invasive alien species, while building the capacity to combat and prevent their adverse effects.","A.2 Extent of natural ecosystems","headline","F1 Rivers and streams biome","2023","%","0.2","",""
"28-Feb-2026 18:58","ORT-NR7ID-MN-288688-1","NT05. By 2030, register, control, and assess the impacts of invasive alien species, while building the capacity to combat and prevent their adverse effects.","A.2 Extent of natural ecosystems","headline","T4 Savannas and grasslands biome","2022","%","73.6","",""
"28-Feb-2026 18:58","ORT-NR7ID-MN-288688-1","NT05. By 2030, register, control, and assess the impacts of invasive alien species, while building the capacity to combat and prevent their adverse effects.","A.2 Extent of natural ecosystems","headline","T4 Savannas and grasslands biome","2021","%","73.9","",""
"28-Feb-2026 18:58","ORT-NR7ID-MN-288688-1","NT05. By 2030, register, control, and assess the impacts of invasive alien species, while building the capacity to combat and prevent their adverse effects.","A.2 Extent of natural ecosystems","headline","F1 Rivers and streams biome","2024","%","0.2","",""
"28-Feb-2026 18:58","ORT-NR7ID-MN-288688-1","NT05. By 2030, register, control, and assess the impacts of invasive alien species, while building the capacity to combat and prevent their adverse effects.","A.2 Extent of natural ecosystems","headline","T4 Savannas and grasslands biome","2024","%","84","",""
"28-Feb-2026 18:58","ORT-NR7ID-MN-288688-1","NT05. By 2030, register, control, and assess the impacts of invasive alien species, while building the capacity to combat and prevent their adverse effects.","A.2 Extent of natural ecosystems","headline","T7 Intensive land-use biome","2024","%","2.4","",""
"28-Feb-2026 18:58","ORT-NR7ID-MN-288688-1","NT05. By 2030, register, control, and assess the impacts of invasive alien species, while building the capacity to combat and prevent their adverse effects.","A.2 Extent of natural ecosystems","headline","F1 Rivers and streams biome","2021","%","0.1","",""
"28-Feb-2026 18:58","ORT-NR7ID-MN-288688-1","NT05. By 2030, register, control, and assess the impacts of invasive alien species, while building the capacity to combat and prevent their adverse effects.","A.2 Extent of natural ecosystems","headline","T2 Temperate-boreal forests and woodlands biome","2024","%","13.3","",""
"28-Feb-2026 18:58","ORT-NR7ID-MN-288688-1","NT05. By 2030, register, control, and assess the impacts of invasive alien species, while building the capacity to combat and prevent their adverse effects.","A.2 Extent of natural ecosystems","headline","T4 Savannas and grasslands biome","2023","%","84","",""
"28-Feb-2026 18:58","ORT-NR7ID-MN-288688-1","NT05. By 2030, register, control, and assess the impacts of invasive alien species, while building the capacity to combat and prevent their adverse effects.","A.2 Extent of natural ecosystems","headline","F2 Lakes biome","2021","%","0.3","",""
"28-Feb-2026 18:58","ORT-NR7ID-MN-288688-1","NT05. By 2030, register, control, and assess the impacts of invasive alien species, while building the capacity to combat and prevent their adverse effects.","A.2 Extent of natural ecosystems","headline","F1 Rivers and streams biome","2022","%","0.1","",""
"28-Feb-2026 18:58","ORT-NR7ID-MN-288688-1","NT05. By 2030, register, control, and assess the impacts of invasive alien species, while building the capacity to combat and prevent their adverse effects.","A.2 Extent of natural ecosystems","headline","F2 Lakes biome","2022","%","0.3","",""
"28-Feb-2026 18:58","ORT-NR7ID-MN-288688-1","NT05. By 2030, register, control, and assess the impacts of invasive alien species, while building the capacity to combat and prevent their adverse effects.","A.2 Extent of natural ecosystems","headline","T7 Intensive land-use biome","2021","%","2.9","",""
"28-Feb-2026 18:58","ORT-NR7ID-MN-288688-1","NT05. By 2030, register, control, and assess the impacts of invasive alien species, while building the capacity to combat and prevent their adverse effects.","A.2 Extent of natural ecosystems","headline","T2 Temperate-boreal forests and woodlands biome","2023","%","13.3","",""
"28-Feb-2026 18:58","ORT-NR7ID-MN-288688-1","NT05. By 2030, register, control, and assess the impacts of invasive alien species, while building the capacity to combat and prevent their adverse effects.","A.2 Extent of natural ecosystems","headline","TF1 Palustrine wetlands biome","2023","%","1.1","",""
"28-Feb-2026 18:58","ORT-NR7ID-MN-288688-1","NT05. By 2030, register, control, and assess the impacts of invasive alien species, while building the capacity to combat and prevent their adverse effects.","A.2 Extent of natural ecosystems","headline","T2 Temperate-boreal forests and woodlands biome","2022","%","24.5","",""
"28-Feb-2026 18:58","ORT-NR7ID-MN-288688-1","NT05. By 2030, register, control, and assess the impacts of invasive alien species, while building the capacity to combat and prevent their adverse effects.","A.2 Extent of natural ecosystems","headline","T2 Temperate-boreal forests and woodlands biome","2021","%","24.5","",""
"28-Feb-2026 18:58","ORT-NR7ID-MN-288688-1","NT05. By 2030, register, control, and assess the impacts of invasive alien species, while building the capacity to combat and prevent their adverse effects.","A.2 Extent of natural ecosystems","headline","F2 Lakes biome","2023","%","9","",""
"28-Feb-2026 18:58","ORT-NR7ID-MN-288688-1","NT05. By 2030, register, control, and assess the impacts of invasive alien species, while building the capacity to combat and prevent their adverse effects.","A.2 Extent of natural ecosystems","headline","TF1 Palustrine wetlands biome","2024","%","1.1","",""
"28-Feb-2026 18:57","ORT-NR7ID-MN-288684-1","NT05. By 2030, register, control, and assess the impacts of invasive alien species, while building the capacity to combat and prevent their adverse effects.","A.4 Proportion of populations within species with an effective population size greater than 500","headline","Mongolian gazelle (Procapra gutturosa)","2021","Proportion (0–1)","0.5","[1]",""
"28-Feb-2026 18:57","ORT-NR7ID-MN-288684-1","NT05. By 2030, register, control, and assess the impacts of invasive alien species, while building the capacity to combat and prevent their adverse effects.","A.4 Proportion of populations within species with an effective population size greater than 500","headline","Mongolian saiga (Saiga tatarica mongolica)","2025","Proportion (0–1)","1","[2]",""
"28-Feb-2026 18:57","ORT-NR7ID-MN-288684-1","NT05. By 2030, register, control, and assess the impacts of invasive alien species, while building the capacity to combat and prevent their adverse effects.","A.4 Proportion of populations within species with an effective population size greater than 500","headline","Mongolian saiga (Saiga tatarica mongolica)","2020","Proportion (0–1)","1","[2]",""
"28-Feb-2026 18:57","ORT-NR7ID-MN-288684-1","NT05. By 2030, register, control, and assess the impacts of invasive alien species, while building the capacity to combat and prevent their adverse effects.","A.4 Proportion of populations within species with an effective population size greater than 500","headline","Mongolian saiga (Saiga tatarica mongolica)","2021","Proportion (0–1)","1","[2]",""
"28-Feb-2026 18:57","ORT-NR7ID-MN-288684-1","NT05. By 2030, register, control, and assess the impacts of invasive alien species, while building the capacity to combat and prevent their adverse effects.","A.4 Proportion of populations within species with an effective population size greater than 500","headline","Mongolian saiga (Saiga tatarica mongolica)","2022","Proportion (0–1)","1","[2]",""
"28-Feb-2026 18:57","ORT-NR7ID-MN-288684-1","NT05. By 2030, register, control, and assess the impacts of invasive alien species, while building the capacity to combat and prevent their adverse effects.","A.4 Proportion of populations within species with an effective population size greater than 500","headline","Mongolian saiga (Saiga tatarica mongolica)","2023","Proportion (0–1)","1","[2]",""
"28-Feb-2026 18:57","ORT-NR7ID-MN-288684-1","NT05. By 2030, register, control, and assess the impacts of invasive alien species, while building the capacity to combat and prevent their adverse effects.","A.4 Proportion of populations within species with an effective population size greater than 500","headline","Mongolian saiga (Saiga tatarica mongolica)","2024","Proportion (0–1)","1","[2]",""
"28-Feb-2026 18:58","ORT-NR7ID-MN-288704-1","NT05. By 2030, register, control, and assess the impacts of invasive alien species, while building the capacity to combat and prevent their adverse effects.","A.3 Red List Index","headline","","2006","index","0.959121654166667","",""
"28-Feb-2026 18:58","ORT-NR7ID-MN-288704-1","NT05. By 2030, register, control, and assess the impacts of invasive alien species, while building the capacity to combat and prevent their adverse effects.","A.3 Red List Index","headline","","2018","index","0.954886194027913","",""
"28-Feb-2026 18:58","ORT-NR7ID-MN-288704-1","NT05. By 2030, register, control, and assess the impacts of invasive alien species, while building the capacity to combat and prevent their adverse effects.","A.3 Red List Index","headline","","2013","index","0.956544400301044","",""
"28-Feb-2026 18:58","ORT-NR7ID-MN-288704-1","NT05. By 2030, register, control, and assess the impacts of invasive alien species, while building the capacity to combat and prevent their adverse effects.","A.3 Red List Index","headline","","2003","index","0.960441163888889","",""
"28-Feb-2026 18:58","ORT-NR7ID-MN-288704-1","NT05. By 2030, register, control, and assess the impacts of invasive alien species, while building the capacity to combat and prevent their adverse effects.","A.3 Red List Index","headline","","2005","index","0.959492311111111","",""
"28-Feb-2026 18:58","ORT-NR7ID-MN-288704-1","NT05. By 2030, register, control, and assess the impacts of invasive alien species, while building the capacity to combat and prevent their adverse effects.","A.3 Red List Index","headline","","1995","index","0.964499802777778","",""
"28-Feb-2026 18:58","ORT-NR7ID-MN-288704-1","NT05. By 2030, register, control, and assess the impacts of invasive alien species, while building the capacity to combat and prevent their adverse effects.","A.3 Red List Index","headline","","2010","index","0.95762681305512","",""
"28-Feb-2026 18:58","ORT-NR7ID-MN-288704-1","NT05. By 2030, register, control, and assess the impacts of invasive alien species, while building the capacity to combat and prevent their adverse effects.","A.3 Red List Index","headline","","2014","index","0.956201844037837","",""
"28-Feb-2026 18:58","ORT-NR7ID-MN-288704-1","NT05. By 2030, register, control, and assess the impacts of invasive alien species, while building the capacity to combat and prevent their adverse effects.","A.3 Red List Index","headline","","1996","index","0.963900405741422","",""
"28-Feb-2026 18:58","ORT-NR7ID-MN-288704-1","NT05. By 2030, register, control, and assess the impacts of invasive alien species, while building the capacity to combat and prevent their adverse effects.","A.3 Red List Index","headline","","2002","index","0.960706438888889","",""
"28-Feb-2026 18:58","ORT-NR7ID-MN-288704-1","NT05. By 2030, register, control, and assess the impacts of invasive alien species, while building the capacity to combat and prevent their adverse effects.","A.3 Red List Index","headline","","2022","index","0.95379517042556","",""
"28-Feb-2026 18:58","ORT-NR7ID-MN-288704-1","NT05. By 2030, register, control, and assess the impacts of invasive alien species, while building the capacity to combat and prevent their adverse effects.","A.3 Red List Index","headline","","2011","index","0.957290743199054","",""
"28-Feb-2026 18:58","ORT-NR7ID-MN-288704-1","NT05. By 2030, register, control, and assess the impacts of invasive alien species, while building the capacity to combat and prevent their adverse effects.","A.3 Red List Index","headline","","2001","index","0.961149563888889","",""
"28-Feb-2026 18:58","ORT-NR7ID-MN-288704-1","NT05. By 2030, register, control, and assess the impacts of invasive alien species, while building the capacity to combat and prevent their adverse effects.","A.3 Red List Index","headline","","2004","index","0.959947594444444","",""
"28-Feb-2026 18:58","ORT-NR7ID-MN-288704-1","NT05. By 2030, register, control, and assess the impacts of invasive alien species, while building the capacity to combat and prevent their adverse effects.","A.3 Red List Index","headline","","2023","index","0.953533068766272","",""
"28-Feb-2026 18:58","ORT-NR7ID-MN-288704-1","NT05. By 2030, register, control, and assess the impacts of invasive alien species, while building the capacity to combat and prevent their adverse effects.","A.3 Red List Index","headline","","1999","index","0.962091461111111","",""
"28-Feb-2026 18:58","ORT-NR7ID-MN-288704-1","NT05. By 2030, register, control, and assess the impacts of invasive alien species, while building the capacity to combat and prevent their adverse effects.","A.3 Red List Index","headline","","1994","index","0.964957474400314","",""
"28-Feb-2026 18:58","ORT-NR7ID-MN-288704-1","NT05. By 2030, register, control, and assess the impacts of invasive alien species, while building the capacity to combat and prevent their adverse effects.","A.3 Red List Index","headline","","1998","index","0.962705480555555","",""
"28-Feb-2026 18:58","ORT-NR7ID-MN-288704-1","NT05. By 2030, register, control, and assess the impacts of invasive alien species, while building the capacity to combat and prevent their adverse effects.","A.3 Red List Index","headline","","2007","index","0.958676066666667","",""
"28-Feb-2026 18:58","ORT-NR7ID-MN-288704-1","NT05. By 2030, register, control, and assess the impacts of invasive alien species, while building the capacity to combat and prevent their adverse effects.","A.3 Red List Index","headline","","2009","index","0.957933274602852","",""
"28-Feb-2026 18:58","ORT-NR7ID-MN-288704-1","NT05. By 2030, register, control, and assess the impacts of invasive alien species, while building the capacity to combat and prevent their adverse effects.","A.3 Red List Index","headline","","2024","index","0.953211011358951","",""
"28-Feb-2026 18:58","ORT-NR7ID-MN-288704-1","NT05. By 2030, register, control, and assess the impacts of invasive alien species, while building the capacity to combat and prevent their adverse effects.","A.3 Red List Index","headline","","2017","index","0.95511281320708","",""
"28-Feb-2026 18:58","ORT-NR7ID-MN-288704-1","NT05. By 2030, register, control, and assess the impacts of invasive alien species, while building the capacity to combat and prevent their adverse effects.","A.3 Red List Index","headline","","1997","index","0.9633195","",""
"28-Feb-2026 18:58","ORT-NR7ID-MN-288704-1","NT05. By 2030, register, control, and assess the impacts of invasive alien species, while building the capacity to combat and prevent their adverse effects.","A.3 Red List Index","headline","","2000","index","0.961572822222222","",""
"28-Feb-2026 18:58","ORT-NR7ID-MN-288704-1","NT05. By 2030, register, control, and assess the impacts of invasive alien species, while building the capacity to combat and prevent their adverse effects.","A.3 Red List Index","headline","","2008","index","0.958220972692014","",""
"28-Feb-2026 18:58","ORT-NR7ID-MN-288704-1","NT05. By 2030, register, control, and assess the impacts of invasive alien species, while building the capacity to combat and prevent their adverse effects.","A.3 Red List Index","headline","","2016","index","0.955471897323639","",""
"28-Feb-2026 18:58","ORT-NR7ID-MN-288704-1","NT05. By 2030, register, control, and assess the impacts of invasive alien species, while building the capacity to combat and prevent their adverse effects.","A.3 Red List Index","headline","","2021","index","0.953980828293696","",""
"28-Feb-2026 18:58","ORT-NR7ID-MN-288704-1","NT05. By 2030, register, control, and assess the impacts of invasive alien species, while building the capacity to combat and prevent their adverse effects.","A.3 Red List Index","headline","","2015","index","0.955850953791408","",""
"28-Feb-2026 18:58","ORT-NR7ID-MN-288704-1","NT05. By 2030, register, control, and assess the impacts of invasive alien species, while building the capacity to combat and prevent their adverse effects.","A.3 Red List Index","headline","","2020","index","0.954307313659456","",""
"28-Feb-2026 18:58","ORT-NR7ID-MN-288704-1","NT05. By 2030, register, control, and assess the impacts of invasive alien species, while building the capacity to combat and prevent their adverse effects.","A.3 Red List Index","headline","","2019","index","0.954554834450205","",""
"28-Feb-2026 18:58","ORT-NR7ID-MN-288704-1","NT05. By 2030, register, control, and assess the impacts of invasive alien species, while building the capacity to combat and prevent their adverse effects.","A.3 Red List Index","headline","","2012","index","0.956965047401357","",""
"28-Feb-2026 18:58","ORT-NR7ID-MN-288704-1","NT05. By 2030, register, control, and assess the impacts of invasive alien species, while building the capacity to combat and prevent their adverse effects.","A.3 Red List Index","headline","","1993","index","0.965334310308466","",""
"28-Feb-2026 18:58","ORT-NR7ID-MN-288703-1","NT16. By 2030, reform subsidies and incentives that have negative impacts on biodiversity, while increasing environmentally positive (green) incentives.","D.1 International public funding, including official development assistance for conservation and sustainable use of biodiversity and ecosystems","headline","Recipient","2020"," USD (millions) ","8.36801","",""
"28-Feb-2026 18:58","ORT-NR7ID-MN-288699-1","NT17. Substantially and progressively increase financial resources towards biodiversity conservation from all sources, in an effective, timely, innovative and easily accessible manner.","D.2 Domestic public funding on conservation and sustainable use of biodiversity and ecosystems","headline","","2020","billion tugrik","355","Environmental Protection Expenditure Account and Environmental Subsidies Account.",""
"28-Feb-2026 18:58","ORT-NR7ID-MN-288703-1","NT16. By 2030, reform subsidies and incentives that have negative impacts on biodiversity, while increasing environmentally positive (green) incentives.","D.1 International public funding, including official development assistance for conservation and sustainable use of biodiversity and ecosystems","headline","Recipient","2016"," USD (millions) ","10.43476","",""
"28-Feb-2026 18:58","ORT-NR7ID-MN-288703-1","NT16. By 2030, reform subsidies and incentives that have negative impacts on biodiversity, while increasing environmentally positive (green) incentives.","D.1 International public funding, including official development assistance for conservation and sustainable use of biodiversity and ecosystems","headline","Recipient","2019"," USD (millions) ","23.10579","",""
"28-Feb-2026 18:58","ORT-NR7ID-MN-288703-1","NT16. By 2030, reform subsidies and incentives that have negative impacts on biodiversity, while increasing environmentally positive (green) incentives.","D.1 International public funding, including official development assistance for conservation and sustainable use of biodiversity and ecosystems","headline","Recipient","2022"," USD (millions) ","17.2364","",""
"28-Feb-2026 18:58","ORT-NR7ID-MN-288703-1","NT16. By 2030, reform subsidies and incentives that have negative impacts on biodiversity, while increasing environmentally positive (green) incentives.","D.1 International public funding, including official development assistance for conservation and sustainable use of biodiversity and ecosystems","headline","Recipient","2018"," USD (millions) ","25.36342","",""
"28-Feb-2026 18:58","ORT-NR7ID-MN-288699-1","NT17. Substantially and progressively increase financial resources towards biodiversity conservation from all sources, in an effective, timely, innovative and easily accessible manner.","D.2 Domestic public funding on conservation and sustainable use of biodiversity and ecosystems","headline","","2023","billion tugrik","258","Environmental Protection Expenditure Account and Environmental Subsidies Account.",""
"28-Feb-2026 18:58","ORT-NR7ID-MN-288703-1","NT16. By 2030, reform subsidies and incentives that have negative impacts on biodiversity, while increasing environmentally positive (green) incentives.","D.1 International public funding, including official development assistance for conservation and sustainable use of biodiversity and ecosystems","headline","Recipient","2021"," USD (millions) ","7.28156","",""
"28-Feb-2026 18:58","ORT-NR7ID-MN-288699-1","NT17. Substantially and progressively increase financial resources towards biodiversity conservation from all sources, in an effective, timely, innovative and easily accessible manner.","D.2 Domestic public funding on conservation and sustainable use of biodiversity and ecosystems","headline","","2021","billion tugrik","242.9","Environmental Protection Expenditure Account and Environmental Subsidies Account.",""
"28-Feb-2026 18:58","ORT-NR7ID-MN-288699-1","NT17. Substantially and progressively increase financial resources towards biodiversity conservation from all sources, in an effective, timely, innovative and easily accessible manner.","D.2 Domestic public funding on conservation and sustainable use of biodiversity and ecosystems","headline","","2022","billion tugrik","309.6","Environmental Protection Expenditure Account and Environmental Subsidies Account.",""
"28-Feb-2026 18:58","ORT-NR7ID-MN-288703-1","NT16. By 2030, reform subsidies and incentives that have negative impacts on biodiversity, while increasing environmentally positive (green) incentives.","D.1 International public funding, including official development assistance for conservation and sustainable use of biodiversity and ecosystems","headline","Recipient","2017"," USD (millions) ","7.44569","",""
"28-Feb-2026 18:58","ORT-NR7ID-MN-288703-1","NT16. By 2030, reform subsidies and incentives that have negative impacts on biodiversity, while increasing environmentally positive (green) incentives.","D.1 International public funding, including official development assistance for conservation and sustainable use of biodiversity and ecosystems","headline","Recipient","2015"," USD (millions) ","15.00203","",""
"28-Feb-2026 18:57","ORT-NR7ID-MN-288680-1","NT17. Substantially and progressively increase financial resources towards biodiversity conservation from all sources, in an effective, timely, innovative and easily accessible manner.","D.3 Private funding (domestic and international) on conservation and sustainable use of biodiversity and ecosystems","headline","","2024","million USD","766.29","In analyzing private sector biodiversity-related expenditures, data collection focused on the Top 100 companies identified by the Mongolian National Chamber of Commerce and Industry, as well as major mining companies. The combined revenues of Mongolia’s Top 100 enterprises account for approximately 70 percent of national GDP, indicating a high level of representativeness relative to the population of approximately 87,000 active legal entities as of 2024. Data on biodiversity-related expenditures were collected through a review of corporate social responsibility and sustainability reports, as well as publicly available information disclosed through media sources. Where such information was not available, standardized questionnaires were distributed to enterprises to collect data on biodiversity- and environment-related expenditures.",""
"28-Feb-2026 18:57","ORT-NR7ID-MN-288680-1","NT17. Substantially and progressively increase financial resources towards biodiversity conservation from all sources, in an effective, timely, innovative and easily accessible manner.","D.3 Private funding (domestic and international) on conservation and sustainable use of biodiversity and ecosystems","headline","","2023","million USD","782.01","In analyzing private sector biodiversity-related expenditures, data collection focused on the Top 100 companies identified by the Mongolian National Chamber of Commerce and Industry, as well as major mining companies. The combined revenues of Mongolia’s Top 100 enterprises account for approximately 70 percent of national GDP, indicating a high level of representativeness relative to the population of approximately 87,000 active legal entities as of 2024. Data on biodiversity-related expenditures were collected through a review of corporate social responsibility and sustainability reports, as well as publicly available information disclosed through media sources. Where such information was not available, standardized questionnaires were distributed to enterprises to collect data on biodiversity- and environment-related expenditures.",""
"28-Feb-2026 18:57","ORT-NR7ID-MN-288680-1","NT17. Substantially and progressively increase financial resources towards biodiversity conservation from all sources, in an effective, timely, innovative and easily accessible manner.","D.3 Private funding (domestic and international) on conservation and sustainable use of biodiversity and ecosystems","headline","","2022","million USD","783.21","In analyzing private sector biodiversity-related expenditures, data collection focused on the Top 100 companies identified by the Mongolian National Chamber of Commerce and Industry, as well as major mining companies. The combined revenues of Mongolia’s Top 100 enterprises account for approximately 70 percent of national GDP, indicating a high level of representativeness relative to the population of approximately 87,000 active legal entities as of 2024. Data on biodiversity-related expenditures were collected through a review of corporate social responsibility and sustainability reports, as well as publicly available information disclosed through media sources. Where such information was not available, standardized questionnaires were distributed to enterprises to collect data on biodiversity- and environment-related expenditures.",""
"28-Feb-2026 18:57","ORT-NR7ID-MN-288680-1","NT17. Substantially and progressively increase financial resources towards biodiversity conservation from all sources, in an effective, timely, innovative and easily accessible manner.","D.3 Private funding (domestic and international) on conservation and sustainable use of biodiversity and ecosystems","headline","","2020","million USD","270.03","In analyzing private sector biodiversity-related expenditures, data collection focused on the Top 100 companies identified by the Mongolian National Chamber of Commerce and Industry, as well as major mining companies. The combined revenues of Mongolia’s Top 100 enterprises account for approximately 70 percent of national GDP, indicating a high level of representativeness relative to the population of approximately 87,000 active legal entities as of 2024. Data on biodiversity-related expenditures were collected through a review of corporate social responsibility and sustainability reports, as well as publicly available information disclosed through media sources. Where such information was not available, standardized questionnaires were distributed to enterprises to collect data on biodiversity- and environment-related expenditures.",""
"28-Feb-2026 18:57","ORT-NR7ID-MN-288680-1","NT17. Substantially and progressively increase financial resources towards biodiversity conservation from all sources, in an effective, timely, innovative and easily accessible manner.","D.3 Private funding (domestic and international) on conservation and sustainable use of biodiversity and ecosystems","headline","","2021","million USD","296.99","In analyzing private sector biodiversity-related expenditures, data collection focused on the Top 100 companies identified by the Mongolian National Chamber of Commerce and Industry, as well as major mining companies. The combined revenues of Mongolia’s Top 100 enterprises account for approximately 70 percent of national GDP, indicating a high level of representativeness relative to the population of approximately 87,000 active legal entities as of 2024. Data on biodiversity-related expenditures were collected through a review of corporate social responsibility and sustainability reports, as well as publicly available information disclosed through media sources. Where such information was not available, standardized questionnaires were distributed to enterprises to collect data on biodiversity- and environment-related expenditures.",""
"28-Feb-2026 18:57","ORT-NR7ID-MN-288684-1","NT06. By 2030, reduce pollution from all sources to levels that are not harmful to biodiversity and ecosystem functions and human health.","A.4 Proportion of populations within species with an effective population size greater than 500","headline","Mongolian saiga (Saiga tatarica mongolica)","2024","Proportion (0–1)","1","[2]",""
"28-Feb-2026 18:57","ORT-NR7ID-MN-288684-1","NT06. By 2030, reduce pollution from all sources to levels that are not harmful to biodiversity and ecosystem functions and human health.","A.4 Proportion of populations within species with an effective population size greater than 500","headline","Mongolian saiga (Saiga tatarica mongolica)","2020","Proportion (0–1)","1","[2]",""
"28-Feb-2026 18:57","ORT-NR7ID-MN-288684-1","NT06. By 2030, reduce pollution from all sources to levels that are not harmful to biodiversity and ecosystem functions and human health.","A.4 Proportion of populations within species with an effective population size greater than 500","headline","Mongolian saiga (Saiga tatarica mongolica)","2025","Proportion (0–1)","1","[2]",""
"28-Feb-2026 18:57","ORT-NR7ID-MN-288684-1","NT06. By 2030, reduce pollution from all sources to levels that are not harmful to biodiversity and ecosystem functions and human health.","A.4 Proportion of populations within species with an effective population size greater than 500","headline","Mongolian saiga (Saiga tatarica mongolica)","2022","Proportion (0–1)","1","[2]",""
"28-Feb-2026 18:57","ORT-NR7ID-MN-288684-1","NT06. By 2030, reduce pollution from all sources to levels that are not harmful to biodiversity and ecosystem functions and human health.","A.4 Proportion of populations within species with an effective population size greater than 500","headline","Mongolian saiga (Saiga tatarica mongolica)","2021","Proportion (0–1)","1","[2]",""
"28-Feb-2026 18:57","ORT-NR7ID-MN-288684-1","NT06. By 2030, reduce pollution from all sources to levels that are not harmful to biodiversity and ecosystem functions and human health.","A.4 Proportion of populations within species with an effective population size greater than 500","headline","Mongolian saiga (Saiga tatarica mongolica)","2023","Proportion (0–1)","1","[2]",""
"28-Feb-2026 18:57","ORT-NR7ID-MN-288684-1","NT06. By 2030, reduce pollution from all sources to levels that are not harmful to biodiversity and ecosystem functions and human health.","A.4 Proportion of populations within species with an effective population size greater than 500","headline","Mongolian gazelle (Procapra gutturosa)","2021","Proportion (0–1)","0.5","[1]",""
"28-Feb-2026 18:58","ORT-NR7ID-MN-288688-1","NT06. By 2030, reduce pollution from all sources to levels that are not harmful to biodiversity and ecosystem functions and human health.","A.2 Extent of natural ecosystems","headline","F2 Lakes biome","2021","%","0.3","",""
"28-Feb-2026 18:58","ORT-NR7ID-MN-288688-1","NT06. By 2030, reduce pollution from all sources to levels that are not harmful to biodiversity and ecosystem functions and human health.","A.2 Extent of natural ecosystems","headline","F1 Rivers and streams biome","2021","%","0.1","",""
"28-Feb-2026 18:58","ORT-NR7ID-MN-288688-1","NT06. By 2030, reduce pollution from all sources to levels that are not harmful to biodiversity and ecosystem functions and human health.","A.2 Extent of natural ecosystems","headline","T7 Intensive land-use biome","2021","%","2.9","",""
"28-Feb-2026 18:58","ORT-NR7ID-MN-288688-1","NT06. By 2030, reduce pollution from all sources to levels that are not harmful to biodiversity and ecosystem functions and human health.","A.2 Extent of natural ecosystems","headline","F1 Rivers and streams biome","2023","%","0.2","",""
"28-Feb-2026 18:58","ORT-NR7ID-MN-288688-1","NT06. By 2030, reduce pollution from all sources to levels that are not harmful to biodiversity and ecosystem functions and human health.","A.2 Extent of natural ecosystems","headline","TF1 Palustrine wetlands biome","2024","%","1.1","",""
"28-Feb-2026 18:58","ORT-NR7ID-MN-288688-1","NT06. By 2030, reduce pollution from all sources to levels that are not harmful to biodiversity and ecosystem functions and human health.","A.2 Extent of natural ecosystems","headline","T2 Temperate-boreal forests and woodlands biome","2023","%","13.3","",""
"28-Feb-2026 18:58","ORT-NR7ID-MN-288688-1","NT06. By 2030, reduce pollution from all sources to levels that are not harmful to biodiversity and ecosystem functions and human health.","A.2 Extent of natural ecosystems","headline","F1 Rivers and streams biome","2024","%","0.2","",""
"28-Feb-2026 18:58","ORT-NR7ID-MN-288688-1","NT06. By 2030, reduce pollution from all sources to levels that are not harmful to biodiversity and ecosystem functions and human health.","A.2 Extent of natural ecosystems","headline","T7 Intensive land-use biome","2024","%","2.4","",""
"28-Feb-2026 18:58","ORT-NR7ID-MN-288688-1","NT06. By 2030, reduce pollution from all sources to levels that are not harmful to biodiversity and ecosystem functions and human health.","A.2 Extent of natural ecosystems","headline","T4 Savannas and grasslands biome","2022","%","73.6","",""
"28-Feb-2026 18:58","ORT-NR7ID-MN-288688-1","NT06. By 2030, reduce pollution from all sources to levels that are not harmful to biodiversity and ecosystem functions and human health.","A.2 Extent of natural ecosystems","headline","T2 Temperate-boreal forests and woodlands biome","2022","%","24.5","",""
"28-Feb-2026 18:58","ORT-NR7ID-MN-288688-1","NT06. By 2030, reduce pollution from all sources to levels that are not harmful to biodiversity and ecosystem functions and human health.","A.2 Extent of natural ecosystems","headline","F2 Lakes biome","2022","%","0.3","",""
"28-Feb-2026 18:58","ORT-NR7ID-MN-288688-1","NT06. By 2030, reduce pollution from all sources to levels that are not harmful to biodiversity and ecosystem functions and human health.","A.2 Extent of natural ecosystems","headline","T7 Intensive land-use biome","2023","%","2.4","",""
"28-Feb-2026 18:58","ORT-NR7ID-MN-288688-1","NT06. By 2030, reduce pollution from all sources to levels that are not harmful to biodiversity and ecosystem functions and human health.","A.2 Extent of natural ecosystems","headline","T2 Temperate-boreal forests and woodlands biome","2021","%","24.5","",""
"28-Feb-2026 18:58","ORT-NR7ID-MN-288688-1","NT06. By 2030, reduce pollution from all sources to levels that are not harmful to biodiversity and ecosystem functions and human health.","A.2 Extent of natural ecosystems","headline","T2 Temperate-boreal forests and woodlands biome","2024","%","13.3","",""
"28-Feb-2026 18:58","ORT-NR7ID-MN-288688-1","NT06. By 2030, reduce pollution from all sources to levels that are not harmful to biodiversity and ecosystem functions and human health.","A.2 Extent of natural ecosystems","headline","T4 Savannas and grasslands biome","2021","%","73.9","",""
"28-Feb-2026 18:58","ORT-NR7ID-MN-288688-1","NT06. By 2030, reduce pollution from all sources to levels that are not harmful to biodiversity and ecosystem functions and human health.","A.2 Extent of natural ecosystems","headline","TF1 Palustrine wetlands biome","2023","%","1.1","",""
"28-Feb-2026 18:58","ORT-NR7ID-MN-288688-1","NT06. By 2030, reduce pollution from all sources to levels that are not harmful to biodiversity and ecosystem functions and human health.","A.2 Extent of natural ecosystems","headline","T7 Intensive land-use biome","2022","%","3.3","",""
"28-Feb-2026 18:58","ORT-NR7ID-MN-288688-1","NT06. By 2030, reduce pollution from all sources to levels that are not harmful to biodiversity and ecosystem functions and human health.","A.2 Extent of natural ecosystems","headline","T4 Savannas and grasslands biome","2024","%","84","",""
"28-Feb-2026 18:58","ORT-NR7ID-MN-288688-1","NT06. By 2030, reduce pollution from all sources to levels that are not harmful to biodiversity and ecosystem functions and human health.","A.2 Extent of natural ecosystems","headline","T4 Savannas and grasslands biome","2023","%","84","",""
"28-Feb-2026 18:58","ORT-NR7ID-MN-288688-1","NT06. By 2030, reduce pollution from all sources to levels that are not harmful to biodiversity and ecosystem functions and human health.","A.2 Extent of natural ecosystems","headline","F1 Rivers and streams biome","2022","%","0.1","",""
"28-Feb-2026 18:58","ORT-NR7ID-MN-288688-1","NT06. By 2030, reduce pollution from all sources to levels that are not harmful to biodiversity and ecosystem functions and human health.","A.2 Extent of natural ecosystems","headline","F2 Lakes biome","2023","%","9","",""
"28-Feb-2026 18:58","ORT-NR7ID-MN-288699-1","NT18. Strengthen capacity-building and development, access to and transfer of technology, and promote development of and access to innovation and technical and scientific cooperation in biodiversity conservation.","D.2 Domestic public funding on conservation and sustainable use of biodiversity and ecosystems","headline","","2021","billion tugrik","242.9","Environmental Protection Expenditure Account and Environmental Subsidies Account.",""
"28-Feb-2026 18:58","ORT-NR7ID-MN-288699-1","NT18. Strengthen capacity-building and development, access to and transfer of technology, and promote development of and access to innovation and technical and scientific cooperation in biodiversity conservation.","D.2 Domestic public funding on conservation and sustainable use of biodiversity and ecosystems","headline","","2023","billion tugrik","258","Environmental Protection Expenditure Account and Environmental Subsidies Account.",""
"28-Feb-2026 18:58","ORT-NR7ID-MN-288699-1","NT18. Strengthen capacity-building and development, access to and transfer of technology, and promote development of and access to innovation and technical and scientific cooperation in biodiversity conservation.","D.2 Domestic public funding on conservation and sustainable use of biodiversity and ecosystems","headline","","2022","billion tugrik","309.6","Environmental Protection Expenditure Account and Environmental Subsidies Account.",""
"28-Feb-2026 18:58","ORT-NR7ID-MN-288699-1","NT18. Strengthen capacity-building and development, access to and transfer of technology, and promote development of and access to innovation and technical and scientific cooperation in biodiversity conservation.","D.2 Domestic public funding on conservation and sustainable use of biodiversity and ecosystems","headline","","2020","billion tugrik","355","Environmental Protection Expenditure Account and Environmental Subsidies Account.",""
"28-Feb-2026 18:58","ORT-NR7ID-MN-288704-1","NT06. By 2030, reduce pollution from all sources to levels that are not harmful to biodiversity and ecosystem functions and human health.","A.3 Red List Index","headline","","1993","index","0.965334310308466","",""
"28-Feb-2026 18:58","ORT-NR7ID-MN-288704-1","NT06. By 2030, reduce pollution from all sources to levels that are not harmful to biodiversity and ecosystem functions and human health.","A.3 Red List Index","headline","","1994","index","0.964957474400314","",""
"28-Feb-2026 18:58","ORT-NR7ID-MN-288704-1","NT06. By 2030, reduce pollution from all sources to levels that are not harmful to biodiversity and ecosystem functions and human health.","A.3 Red List Index","headline","","1995","index","0.964499802777778","",""
"28-Feb-2026 18:58","ORT-NR7ID-MN-288704-1","NT06. By 2030, reduce pollution from all sources to levels that are not harmful to biodiversity and ecosystem functions and human health.","A.3 Red List Index","headline","","1997","index","0.9633195","",""
"28-Feb-2026 18:58","ORT-NR7ID-MN-288704-1","NT06. By 2030, reduce pollution from all sources to levels that are not harmful to biodiversity and ecosystem functions and human health.","A.3 Red List Index","headline","","1996","index","0.963900405741422","",""
"28-Feb-2026 18:58","ORT-NR7ID-MN-288704-1","NT06. By 2030, reduce pollution from all sources to levels that are not harmful to biodiversity and ecosystem functions and human health.","A.3 Red List Index","headline","","2000","index","0.961572822222222","",""
"28-Feb-2026 18:58","ORT-NR7ID-MN-288704-1","NT06. By 2030, reduce pollution from all sources to levels that are not harmful to biodiversity and ecosystem functions and human health.","A.3 Red List Index","headline","","2002","index","0.960706438888889","",""
"28-Feb-2026 18:58","ORT-NR7ID-MN-288704-1","NT06. By 2030, reduce pollution from all sources to levels that are not harmful to biodiversity and ecosystem functions and human health.","A.3 Red List Index","headline","","2001","index","0.961149563888889","",""
"28-Feb-2026 18:58","ORT-NR7ID-MN-288704-1","NT06. By 2030, reduce pollution from all sources to levels that are not harmful to biodiversity and ecosystem functions and human health.","A.3 Red List Index","headline","","2007","index","0.958676066666667","",""
"28-Feb-2026 18:58","ORT-NR7ID-MN-288704-1","NT06. By 2030, reduce pollution from all sources to levels that are not harmful to biodiversity and ecosystem functions and human health.","A.3 Red List Index","headline","","1998","index","0.962705480555555","",""
"28-Feb-2026 18:58","ORT-NR7ID-MN-288704-1","NT06. By 2030, reduce pollution from all sources to levels that are not harmful to biodiversity and ecosystem functions and human health.","A.3 Red List Index","headline","","1999","index","0.962091461111111","",""
"28-Feb-2026 18:58","ORT-NR7ID-MN-288704-1","NT06. By 2030, reduce pollution from all sources to levels that are not harmful to biodiversity and ecosystem functions and human health.","A.3 Red List Index","headline","","2003","index","0.960441163888889","",""
"28-Feb-2026 18:58","ORT-NR7ID-MN-288704-1","NT06. By 2030, reduce pollution from all sources to levels that are not harmful to biodiversity and ecosystem functions and human health.","A.3 Red List Index","headline","","2006","index","0.959121654166667","",""
"28-Feb-2026 18:58","ORT-NR7ID-MN-288704-1","NT06. By 2030, reduce pollution from all sources to levels that are not harmful to biodiversity and ecosystem functions and human health.","A.3 Red List Index","headline","","2005","index","0.959492311111111","",""
"28-Feb-2026 18:58","ORT-NR7ID-MN-288704-1","NT06. By 2030, reduce pollution from all sources to levels that are not harmful to biodiversity and ecosystem functions and human health.","A.3 Red List Index","headline","","2014","index","0.956201844037837","",""
"28-Feb-2026 18:58","ORT-NR7ID-MN-288704-1","NT06. By 2030, reduce pollution from all sources to levels that are not harmful to biodiversity and ecosystem functions and human health.","A.3 Red List Index","headline","","2013","index","0.956544400301044","",""
"28-Feb-2026 18:58","ORT-NR7ID-MN-288704-1","NT06. By 2030, reduce pollution from all sources to levels that are not harmful to biodiversity and ecosystem functions and human health.","A.3 Red List Index","headline","","2004","index","0.959947594444444","",""
"28-Feb-2026 18:58","ORT-NR7ID-MN-288704-1","NT06. By 2030, reduce pollution from all sources to levels that are not harmful to biodiversity and ecosystem functions and human health.","A.3 Red List Index","headline","","2015","index","0.955850953791408","",""
"28-Feb-2026 18:58","ORT-NR7ID-MN-288704-1","NT06. By 2030, reduce pollution from all sources to levels that are not harmful to biodiversity and ecosystem functions and human health.","A.3 Red List Index","headline","","2010","index","0.95762681305512","",""
"28-Feb-2026 18:58","ORT-NR7ID-MN-288704-1","NT06. By 2030, reduce pollution from all sources to levels that are not harmful to biodiversity and ecosystem functions and human health.","A.3 Red List Index","headline","","2012","index","0.956965047401357","",""
"28-Feb-2026 18:58","ORT-NR7ID-MN-288704-1","NT06. By 2030, reduce pollution from all sources to levels that are not harmful to biodiversity and ecosystem functions and human health.","A.3 Red List Index","headline","","2009","index","0.957933274602852","",""
"28-Feb-2026 18:58","ORT-NR7ID-MN-288704-1","NT06. By 2030, reduce pollution from all sources to levels that are not harmful to biodiversity and ecosystem functions and human health.","A.3 Red List Index","headline","","2024","index","0.953211011358951","",""
"28-Feb-2026 18:58","ORT-NR7ID-MN-288704-1","NT06. By 2030, reduce pollution from all sources to levels that are not harmful to biodiversity and ecosystem functions and human health.","A.3 Red List Index","headline","","2019","index","0.954554834450205","",""
"28-Feb-2026 18:58","ORT-NR7ID-MN-288704-1","NT06. By 2030, reduce pollution from all sources to levels that are not harmful to biodiversity and ecosystem functions and human health.","A.3 Red List Index","headline","","2017","index","0.95511281320708","",""
"28-Feb-2026 18:58","ORT-NR7ID-MN-288704-1","NT06. By 2030, reduce pollution from all sources to levels that are not harmful to biodiversity and ecosystem functions and human health.","A.3 Red List Index","headline","","2023","index","0.953533068766272","",""
"28-Feb-2026 18:58","ORT-NR7ID-MN-288704-1","NT06. By 2030, reduce pollution from all sources to levels that are not harmful to biodiversity and ecosystem functions and human health.","A.3 Red List Index","headline","","2022","index","0.95379517042556","",""
"28-Feb-2026 18:58","ORT-NR7ID-MN-288704-1","NT06. By 2030, reduce pollution from all sources to levels that are not harmful to biodiversity and ecosystem functions and human health.","A.3 Red List Index","headline","","2008","index","0.958220972692014","",""
"28-Feb-2026 18:58","ORT-NR7ID-MN-288704-1","NT06. By 2030, reduce pollution from all sources to levels that are not harmful to biodiversity and ecosystem functions and human health.","A.3 Red List Index","headline","","2011","index","0.957290743199054","",""
"28-Feb-2026 18:58","ORT-NR7ID-MN-288704-1","NT06. By 2030, reduce pollution from all sources to levels that are not harmful to biodiversity and ecosystem functions and human health.","A.3 Red List Index","headline","","2016","index","0.955471897323639","",""
"28-Feb-2026 18:58","ORT-NR7ID-MN-288704-1","NT06. By 2030, reduce pollution from all sources to levels that are not harmful to biodiversity and ecosystem functions and human health.","A.3 Red List Index","headline","","2018","index","0.954886194027913","",""
"28-Feb-2026 18:58","ORT-NR7ID-MN-288704-1","NT06. By 2030, reduce pollution from all sources to levels that are not harmful to biodiversity and ecosystem functions and human health.","A.3 Red List Index","headline","","2021","index","0.953980828293696","",""
"28-Feb-2026 18:58","ORT-NR7ID-MN-288704-1","NT06. By 2030, reduce pollution from all sources to levels that are not harmful to biodiversity and ecosystem functions and human health.","A.3 Red List Index","headline","","2020","index","0.954307313659456","",""
"28-Feb-2026 18:58","ORT-NR7ID-MN-288703-1","NT17. Substantially and progressively increase financial resources towards biodiversity conservation from all sources, in an effective, timely, innovative and easily accessible manner.","D.1 International public funding, including official development assistance for conservation and sustainable use of biodiversity and ecosystems","headline","Recipient","2019"," USD (millions) ","23.10579","",""
"28-Feb-2026 18:58","ORT-NR7ID-MN-288703-1","NT17. Substantially and progressively increase financial resources towards biodiversity conservation from all sources, in an effective, timely, innovative and easily accessible manner.","D.1 International public funding, including official development assistance for conservation and sustainable use of biodiversity and ecosystems","headline","Recipient","2021"," USD (millions) ","7.28156","",""
"28-Feb-2026 18:58","ORT-NR7ID-MN-288703-1","NT17. Substantially and progressively increase financial resources towards biodiversity conservation from all sources, in an effective, timely, innovative and easily accessible manner.","D.1 International public funding, including official development assistance for conservation and sustainable use of biodiversity and ecosystems","headline","Recipient","2016"," USD (millions) ","10.43476","",""
"28-Feb-2026 18:58","ORT-NR7ID-MN-288703-1","NT17. Substantially and progressively increase financial resources towards biodiversity conservation from all sources, in an effective, timely, innovative and easily accessible manner.","D.1 International public funding, including official development assistance for conservation and sustainable use of biodiversity and ecosystems","headline","Recipient","2015"," USD (millions) ","15.00203","",""
"28-Feb-2026 18:58","ORT-NR7ID-MN-288703-1","NT17. Substantially and progressively increase financial resources towards biodiversity conservation from all sources, in an effective, timely, innovative and easily accessible manner.","D.1 International public funding, including official development assistance for conservation and sustainable use of biodiversity and ecosystems","headline","Recipient","2017"," USD (millions) ","7.44569","",""
"28-Feb-2026 18:58","ORT-NR7ID-MN-288703-1","NT17. Substantially and progressively increase financial resources towards biodiversity conservation from all sources, in an effective, timely, innovative and easily accessible manner.","D.1 International public funding, including official development assistance for conservation and sustainable use of biodiversity and ecosystems","headline","Recipient","2022"," USD (millions) ","17.2364","",""
"28-Feb-2026 18:58","ORT-NR7ID-MN-288703-1","NT17. Substantially and progressively increase financial resources towards biodiversity conservation from all sources, in an effective, timely, innovative and easily accessible manner.","D.1 International public funding, including official development assistance for conservation and sustainable use of biodiversity and ecosystems","headline","Recipient","2018"," USD (millions) ","25.36342","",""
"28-Feb-2026 18:58","ORT-NR7ID-MN-288703-1","NT17. Substantially and progressively increase financial resources towards biodiversity conservation from all sources, in an effective, timely, innovative and easily accessible manner.","D.1 International public funding, including official development assistance for conservation and sustainable use of biodiversity and ecosystems","headline","Recipient","2020"," USD (millions) ","8.36801","",""
"28-Feb-2026 18:57","ORT-NR7ID-MN-288680-1","NT18. Strengthen capacity-building and development, access to and transfer of technology, and promote development of and access to innovation and technical and scientific cooperation in biodiversity conservation.","D.3 Private funding (domestic and international) on conservation and sustainable use of biodiversity and ecosystems","headline","","2022","million USD","783.21","In analyzing private sector biodiversity-related expenditures, data collection focused on the Top 100 companies identified by the Mongolian National Chamber of Commerce and Industry, as well as major mining companies. The combined revenues of Mongolia’s Top 100 enterprises account for approximately 70 percent of national GDP, indicating a high level of representativeness relative to the population of approximately 87,000 active legal entities as of 2024. Data on biodiversity-related expenditures were collected through a review of corporate social responsibility and sustainability reports, as well as publicly available information disclosed through media sources. Where such information was not available, standardized questionnaires were distributed to enterprises to collect data on biodiversity- and environment-related expenditures.",""
"28-Feb-2026 18:57","ORT-NR7ID-MN-288680-1","NT18. Strengthen capacity-building and development, access to and transfer of technology, and promote development of and access to innovation and technical and scientific cooperation in biodiversity conservation.","D.3 Private funding (domestic and international) on conservation and sustainable use of biodiversity and ecosystems","headline","","2021","million USD","296.99","In analyzing private sector biodiversity-related expenditures, data collection focused on the Top 100 companies identified by the Mongolian National Chamber of Commerce and Industry, as well as major mining companies. The combined revenues of Mongolia’s Top 100 enterprises account for approximately 70 percent of national GDP, indicating a high level of representativeness relative to the population of approximately 87,000 active legal entities as of 2024. Data on biodiversity-related expenditures were collected through a review of corporate social responsibility and sustainability reports, as well as publicly available information disclosed through media sources. Where such information was not available, standardized questionnaires were distributed to enterprises to collect data on biodiversity- and environment-related expenditures.",""
"28-Feb-2026 18:57","ORT-NR7ID-MN-288680-1","NT18. Strengthen capacity-building and development, access to and transfer of technology, and promote development of and access to innovation and technical and scientific cooperation in biodiversity conservation.","D.3 Private funding (domestic and international) on conservation and sustainable use of biodiversity and ecosystems","headline","","2020","million USD","270.03","In analyzing private sector biodiversity-related expenditures, data collection focused on the Top 100 companies identified by the Mongolian National Chamber of Commerce and Industry, as well as major mining companies. The combined revenues of Mongolia’s Top 100 enterprises account for approximately 70 percent of national GDP, indicating a high level of representativeness relative to the population of approximately 87,000 active legal entities as of 2024. Data on biodiversity-related expenditures were collected through a review of corporate social responsibility and sustainability reports, as well as publicly available information disclosed through media sources. Where such information was not available, standardized questionnaires were distributed to enterprises to collect data on biodiversity- and environment-related expenditures.",""
"28-Feb-2026 18:57","ORT-NR7ID-MN-288680-1","NT18. Strengthen capacity-building and development, access to and transfer of technology, and promote development of and access to innovation and technical and scientific cooperation in biodiversity conservation.","D.3 Private funding (domestic and international) on conservation and sustainable use of biodiversity and ecosystems","headline","","2023","million USD","782.01","In analyzing private sector biodiversity-related expenditures, data collection focused on the Top 100 companies identified by the Mongolian National Chamber of Commerce and Industry, as well as major mining companies. The combined revenues of Mongolia’s Top 100 enterprises account for approximately 70 percent of national GDP, indicating a high level of representativeness relative to the population of approximately 87,000 active legal entities as of 2024. Data on biodiversity-related expenditures were collected through a review of corporate social responsibility and sustainability reports, as well as publicly available information disclosed through media sources. Where such information was not available, standardized questionnaires were distributed to enterprises to collect data on biodiversity- and environment-related expenditures.",""
"28-Feb-2026 18:57","ORT-NR7ID-MN-288680-1","NT18. Strengthen capacity-building and development, access to and transfer of technology, and promote development of and access to innovation and technical and scientific cooperation in biodiversity conservation.","D.3 Private funding (domestic and international) on conservation and sustainable use of biodiversity and ecosystems","headline","","2024","million USD","766.29","In analyzing private sector biodiversity-related expenditures, data collection focused on the Top 100 companies identified by the Mongolian National Chamber of Commerce and Industry, as well as major mining companies. The combined revenues of Mongolia’s Top 100 enterprises account for approximately 70 percent of national GDP, indicating a high level of representativeness relative to the population of approximately 87,000 active legal entities as of 2024. Data on biodiversity-related expenditures were collected through a review of corporate social responsibility and sustainability reports, as well as publicly available information disclosed through media sources. Where such information was not available, standardized questionnaires were distributed to enterprises to collect data on biodiversity- and environment-related expenditures.",""
"28-Feb-2026 18:58","ORT-NR7ID-MN-288703-1","NT18. Strengthen capacity-building and development, access to and transfer of technology, and promote development of and access to innovation and technical and scientific cooperation in biodiversity conservation.","D.1 International public funding, including official development assistance for conservation and sustainable use of biodiversity and ecosystems","headline","Recipient","2015"," USD (millions) ","15.00203","",""
"28-Feb-2026 18:58","ORT-NR7ID-MN-288703-1","NT18. Strengthen capacity-building and development, access to and transfer of technology, and promote development of and access to innovation and technical and scientific cooperation in biodiversity conservation.","D.1 International public funding, including official development assistance for conservation and sustainable use of biodiversity and ecosystems","headline","Recipient","2016"," USD (millions) ","10.43476","",""
"28-Feb-2026 18:58","ORT-NR7ID-MN-288703-1","NT18. Strengthen capacity-building and development, access to and transfer of technology, and promote development of and access to innovation and technical and scientific cooperation in biodiversity conservation.","D.1 International public funding, including official development assistance for conservation and sustainable use of biodiversity and ecosystems","headline","Recipient","2017"," USD (millions) ","7.44569","",""
"28-Feb-2026 18:58","ORT-NR7ID-MN-288703-1","NT18. Strengthen capacity-building and development, access to and transfer of technology, and promote development of and access to innovation and technical and scientific cooperation in biodiversity conservation.","D.1 International public funding, including official development assistance for conservation and sustainable use of biodiversity and ecosystems","headline","Recipient","2018"," USD (millions) ","25.36342","",""
"28-Feb-2026 18:58","ORT-NR7ID-MN-288703-1","NT18. Strengthen capacity-building and development, access to and transfer of technology, and promote development of and access to innovation and technical and scientific cooperation in biodiversity conservation.","D.1 International public funding, including official development assistance for conservation and sustainable use of biodiversity and ecosystems","headline","Recipient","2019"," USD (millions) ","23.10579","",""
"28-Feb-2026 18:58","ORT-NR7ID-MN-288703-1","NT18. Strengthen capacity-building and development, access to and transfer of technology, and promote development of and access to innovation and technical and scientific cooperation in biodiversity conservation.","D.1 International public funding, including official development assistance for conservation and sustainable use of biodiversity and ecosystems","headline","Recipient","2020"," USD (millions) ","8.36801","",""
"28-Feb-2026 18:58","ORT-NR7ID-MN-288703-1","NT18. Strengthen capacity-building and development, access to and transfer of technology, and promote development of and access to innovation and technical and scientific cooperation in biodiversity conservation.","D.1 International public funding, including official development assistance for conservation and sustainable use of biodiversity and ecosystems","headline","Recipient","2021"," USD (millions) ","7.28156","",""
"28-Feb-2026 18:58","ORT-NR7ID-MN-288703-1","NT18. Strengthen capacity-building and development, access to and transfer of technology, and promote development of and access to innovation and technical and scientific cooperation in biodiversity conservation.","D.1 International public funding, including official development assistance for conservation and sustainable use of biodiversity and ecosystems","headline","Recipient","2022"," USD (millions) ","17.2364","",""
"28-Feb-2026 18:58","ORT-NR7ID-MN-288699-1","NT19. By 2030, data and information relevant to biodiversity and ecosystem services are widely accessible to decision makers, scientists and the public to guide effective and equitable governance, integrated and participatory management of biodiversity.","D.2 Domestic public funding on conservation and sustainable use of biodiversity and ecosystems","headline","","2023","billion tugrik","258","Environmental Protection Expenditure Account and Environmental Subsidies Account.",""
"28-Feb-2026 18:58","ORT-NR7ID-MN-288699-1","NT19. By 2030, data and information relevant to biodiversity and ecosystem services are widely accessible to decision makers, scientists and the public to guide effective and equitable governance, integrated and participatory management of biodiversity.","D.2 Domestic public funding on conservation and sustainable use of biodiversity and ecosystems","headline","","2020","billion tugrik","355","Environmental Protection Expenditure Account and Environmental Subsidies Account.",""
"28-Feb-2026 18:58","ORT-NR7ID-MN-288699-1","NT19. By 2030, data and information relevant to biodiversity and ecosystem services are widely accessible to decision makers, scientists and the public to guide effective and equitable governance, integrated and participatory management of biodiversity.","D.2 Domestic public funding on conservation and sustainable use of biodiversity and ecosystems","headline","","2021","billion tugrik","242.9","Environmental Protection Expenditure Account and Environmental Subsidies Account.",""
"28-Feb-2026 18:58","ORT-NR7ID-MN-288699-1","NT19. By 2030, data and information relevant to biodiversity and ecosystem services are widely accessible to decision makers, scientists and the public to guide effective and equitable governance, integrated and participatory management of biodiversity.","D.2 Domestic public funding on conservation and sustainable use of biodiversity and ecosystems","headline","","2022","billion tugrik","309.6","Environmental Protection Expenditure Account and Environmental Subsidies Account.",""
"28-Feb-2026 18:57","ORT-NR7ID-MN-288680-1","NT19. By 2030, data and information relevant to biodiversity and ecosystem services are widely accessible to decision makers, scientists and the public to guide effective and equitable governance, integrated and participatory management of biodiversity.","D.3 Private funding (domestic and international) on conservation and sustainable use of biodiversity and ecosystems","headline","","2024","million USD","766.29","In analyzing private sector biodiversity-related expenditures, data collection focused on the Top 100 companies identified by the Mongolian National Chamber of Commerce and Industry, as well as major mining companies. The combined revenues of Mongolia’s Top 100 enterprises account for approximately 70 percent of national GDP, indicating a high level of representativeness relative to the population of approximately 87,000 active legal entities as of 2024. Data on biodiversity-related expenditures were collected through a review of corporate social responsibility and sustainability reports, as well as publicly available information disclosed through media sources. Where such information was not available, standardized questionnaires were distributed to enterprises to collect data on biodiversity- and environment-related expenditures.",""
"28-Feb-2026 18:57","ORT-NR7ID-MN-288680-1","NT19. By 2030, data and information relevant to biodiversity and ecosystem services are widely accessible to decision makers, scientists and the public to guide effective and equitable governance, integrated and participatory management of biodiversity.","D.3 Private funding (domestic and international) on conservation and sustainable use of biodiversity and ecosystems","headline","","2022","million USD","783.21","In analyzing private sector biodiversity-related expenditures, data collection focused on the Top 100 companies identified by the Mongolian National Chamber of Commerce and Industry, as well as major mining companies. The combined revenues of Mongolia’s Top 100 enterprises account for approximately 70 percent of national GDP, indicating a high level of representativeness relative to the population of approximately 87,000 active legal entities as of 2024. Data on biodiversity-related expenditures were collected through a review of corporate social responsibility and sustainability reports, as well as publicly available information disclosed through media sources. Where such information was not available, standardized questionnaires were distributed to enterprises to collect data on biodiversity- and environment-related expenditures.",""
"28-Feb-2026 18:57","ORT-NR7ID-MN-288680-1","NT19. By 2030, data and information relevant to biodiversity and ecosystem services are widely accessible to decision makers, scientists and the public to guide effective and equitable governance, integrated and participatory management of biodiversity.","D.3 Private funding (domestic and international) on conservation and sustainable use of biodiversity and ecosystems","headline","","2021","million USD","296.99","In analyzing private sector biodiversity-related expenditures, data collection focused on the Top 100 companies identified by the Mongolian National Chamber of Commerce and Industry, as well as major mining companies. The combined revenues of Mongolia’s Top 100 enterprises account for approximately 70 percent of national GDP, indicating a high level of representativeness relative to the population of approximately 87,000 active legal entities as of 2024. Data on biodiversity-related expenditures were collected through a review of corporate social responsibility and sustainability reports, as well as publicly available information disclosed through media sources. Where such information was not available, standardized questionnaires were distributed to enterprises to collect data on biodiversity- and environment-related expenditures.",""
"28-Feb-2026 18:57","ORT-NR7ID-MN-288680-1","NT19. By 2030, data and information relevant to biodiversity and ecosystem services are widely accessible to decision makers, scientists and the public to guide effective and equitable governance, integrated and participatory management of biodiversity.","D.3 Private funding (domestic and international) on conservation and sustainable use of biodiversity and ecosystems","headline","","2020","million USD","270.03","In analyzing private sector biodiversity-related expenditures, data collection focused on the Top 100 companies identified by the Mongolian National Chamber of Commerce and Industry, as well as major mining companies. The combined revenues of Mongolia’s Top 100 enterprises account for approximately 70 percent of national GDP, indicating a high level of representativeness relative to the population of approximately 87,000 active legal entities as of 2024. Data on biodiversity-related expenditures were collected through a review of corporate social responsibility and sustainability reports, as well as publicly available information disclosed through media sources. Where such information was not available, standardized questionnaires were distributed to enterprises to collect data on biodiversity- and environment-related expenditures.",""
"28-Feb-2026 18:57","ORT-NR7ID-MN-288680-1","NT19. By 2030, data and information relevant to biodiversity and ecosystem services are widely accessible to decision makers, scientists and the public to guide effective and equitable governance, integrated and participatory management of biodiversity.","D.3 Private funding (domestic and international) on conservation and sustainable use of biodiversity and ecosystems","headline","","2023","million USD","782.01","In analyzing private sector biodiversity-related expenditures, data collection focused on the Top 100 companies identified by the Mongolian National Chamber of Commerce and Industry, as well as major mining companies. The combined revenues of Mongolia’s Top 100 enterprises account for approximately 70 percent of national GDP, indicating a high level of representativeness relative to the population of approximately 87,000 active legal entities as of 2024. Data on biodiversity-related expenditures were collected through a review of corporate social responsibility and sustainability reports, as well as publicly available information disclosed through media sources. Where such information was not available, standardized questionnaires were distributed to enterprises to collect data on biodiversity- and environment-related expenditures.",""
"28-Feb-2026 18:58","ORT-NR7ID-MN-288703-1","NT19. By 2030, data and information relevant to biodiversity and ecosystem services are widely accessible to decision makers, scientists and the public to guide effective and equitable governance, integrated and participatory management of biodiversity.","D.1 International public funding, including official development assistance for conservation and sustainable use of biodiversity and ecosystems","headline","Recipient","2020"," USD (millions) ","8.36801","",""
"28-Feb-2026 18:58","ORT-NR7ID-MN-288703-1","NT19. By 2030, data and information relevant to biodiversity and ecosystem services are widely accessible to decision makers, scientists and the public to guide effective and equitable governance, integrated and participatory management of biodiversity.","D.1 International public funding, including official development assistance for conservation and sustainable use of biodiversity and ecosystems","headline","Recipient","2021"," USD (millions) ","7.28156","",""
"28-Feb-2026 18:58","ORT-NR7ID-MN-288703-1","NT19. By 2030, data and information relevant to biodiversity and ecosystem services are widely accessible to decision makers, scientists and the public to guide effective and equitable governance, integrated and participatory management of biodiversity.","D.1 International public funding, including official development assistance for conservation and sustainable use of biodiversity and ecosystems","headline","Recipient","2019"," USD (millions) ","23.10579","",""
"28-Feb-2026 18:58","ORT-NR7ID-MN-288703-1","NT19. By 2030, data and information relevant to biodiversity and ecosystem services are widely accessible to decision makers, scientists and the public to guide effective and equitable governance, integrated and participatory management of biodiversity.","D.1 International public funding, including official development assistance for conservation and sustainable use of biodiversity and ecosystems","headline","Recipient","2018"," USD (millions) ","25.36342","",""
"28-Feb-2026 18:58","ORT-NR7ID-MN-288703-1","NT19. By 2030, data and information relevant to biodiversity and ecosystem services are widely accessible to decision makers, scientists and the public to guide effective and equitable governance, integrated and participatory management of biodiversity.","D.1 International public funding, including official development assistance for conservation and sustainable use of biodiversity and ecosystems","headline","Recipient","2022"," USD (millions) ","17.2364","",""
"28-Feb-2026 18:58","ORT-NR7ID-MN-288703-1","NT19. By 2030, data and information relevant to biodiversity and ecosystem services are widely accessible to decision makers, scientists and the public to guide effective and equitable governance, integrated and participatory management of biodiversity.","D.1 International public funding, including official development assistance for conservation and sustainable use of biodiversity and ecosystems","headline","Recipient","2016"," USD (millions) ","10.43476","",""
"28-Feb-2026 18:58","ORT-NR7ID-MN-288703-1","NT19. By 2030, data and information relevant to biodiversity and ecosystem services are widely accessible to decision makers, scientists and the public to guide effective and equitable governance, integrated and participatory management of biodiversity.","D.1 International public funding, including official development assistance for conservation and sustainable use of biodiversity and ecosystems","headline","Recipient","2015"," USD (millions) ","15.00203","",""
"28-Feb-2026 18:58","ORT-NR7ID-MN-288703-1","NT19. By 2030, data and information relevant to biodiversity and ecosystem services are widely accessible to decision makers, scientists and the public to guide effective and equitable governance, integrated and participatory management of biodiversity.","D.1 International public funding, including official development assistance for conservation and sustainable use of biodiversity and ecosystems","headline","Recipient","2017"," USD (millions) ","7.44569","",""
"28-Feb-2026 18:58","ORT-NR7ID-MN-288699-1","NT20. By 2030, ensure full, equitable, inclusive, effective, and gender-responsive representation and participation in decision-making and implementation related to biodiversity and ensure rights over relevant resources of local communities, women and girls as well as youth.","D.2 Domestic public funding on conservation and sustainable use of biodiversity and ecosystems","headline","","2023","billion tugrik","258","Environmental Protection Expenditure Account and Environmental Subsidies Account.",""
"28-Feb-2026 18:58","ORT-NR7ID-MN-288699-1","NT20. By 2030, ensure full, equitable, inclusive, effective, and gender-responsive representation and participation in decision-making and implementation related to biodiversity and ensure rights over relevant resources of local communities, women and girls as well as youth.","D.2 Domestic public funding on conservation and sustainable use of biodiversity and ecosystems","headline","","2021","billion tugrik","242.9","Environmental Protection Expenditure Account and Environmental Subsidies Account.",""
"28-Feb-2026 18:58","ORT-NR7ID-MN-288699-1","NT20. By 2030, ensure full, equitable, inclusive, effective, and gender-responsive representation and participation in decision-making and implementation related to biodiversity and ensure rights over relevant resources of local communities, women and girls as well as youth.","D.2 Domestic public funding on conservation and sustainable use of biodiversity and ecosystems","headline","","2020","billion tugrik","355","Environmental Protection Expenditure Account and Environmental Subsidies Account.",""
"28-Feb-2026 18:58","ORT-NR7ID-MN-288699-1","NT20. By 2030, ensure full, equitable, inclusive, effective, and gender-responsive representation and participation in decision-making and implementation related to biodiversity and ensure rights over relevant resources of local communities, women and girls as well as youth.","D.2 Domestic public funding on conservation and sustainable use of biodiversity and ecosystems","headline","","2022","billion tugrik","309.6","Environmental Protection Expenditure Account and Environmental Subsidies Account.",""
"28-Feb-2026 18:57","ORT-NR7ID-MN-288680-1","NT20. By 2030, ensure full, equitable, inclusive, effective, and gender-responsive representation and participation in decision-making and implementation related to biodiversity and ensure rights over relevant resources of local communities, women and girls as well as youth.","D.3 Private funding (domestic and international) on conservation and sustainable use of biodiversity and ecosystems","headline","","2020","million USD","270.03","In analyzing private sector biodiversity-related expenditures, data collection focused on the Top 100 companies identified by the Mongolian National Chamber of Commerce and Industry, as well as major mining companies. The combined revenues of Mongolia’s Top 100 enterprises account for approximately 70 percent of national GDP, indicating a high level of representativeness relative to the population of approximately 87,000 active legal entities as of 2024. Data on biodiversity-related expenditures were collected through a review of corporate social responsibility and sustainability reports, as well as publicly available information disclosed through media sources. Where such information was not available, standardized questionnaires were distributed to enterprises to collect data on biodiversity- and environment-related expenditures.",""
"28-Feb-2026 18:57","ORT-NR7ID-MN-288680-1","NT20. By 2030, ensure full, equitable, inclusive, effective, and gender-responsive representation and participation in decision-making and implementation related to biodiversity and ensure rights over relevant resources of local communities, women and girls as well as youth.","D.3 Private funding (domestic and international) on conservation and sustainable use of biodiversity and ecosystems","headline","","2024","million USD","766.29","In analyzing private sector biodiversity-related expenditures, data collection focused on the Top 100 companies identified by the Mongolian National Chamber of Commerce and Industry, as well as major mining companies. The combined revenues of Mongolia’s Top 100 enterprises account for approximately 70 percent of national GDP, indicating a high level of representativeness relative to the population of approximately 87,000 active legal entities as of 2024. Data on biodiversity-related expenditures were collected through a review of corporate social responsibility and sustainability reports, as well as publicly available information disclosed through media sources. Where such information was not available, standardized questionnaires were distributed to enterprises to collect data on biodiversity- and environment-related expenditures.",""
"28-Feb-2026 18:57","ORT-NR7ID-MN-288680-1","NT20. By 2030, ensure full, equitable, inclusive, effective, and gender-responsive representation and participation in decision-making and implementation related to biodiversity and ensure rights over relevant resources of local communities, women and girls as well as youth.","D.3 Private funding (domestic and international) on conservation and sustainable use of biodiversity and ecosystems","headline","","2023","million USD","782.01","In analyzing private sector biodiversity-related expenditures, data collection focused on the Top 100 companies identified by the Mongolian National Chamber of Commerce and Industry, as well as major mining companies. The combined revenues of Mongolia’s Top 100 enterprises account for approximately 70 percent of national GDP, indicating a high level of representativeness relative to the population of approximately 87,000 active legal entities as of 2024. Data on biodiversity-related expenditures were collected through a review of corporate social responsibility and sustainability reports, as well as publicly available information disclosed through media sources. Where such information was not available, standardized questionnaires were distributed to enterprises to collect data on biodiversity- and environment-related expenditures.",""
"28-Feb-2026 18:57","ORT-NR7ID-MN-288680-1","NT20. By 2030, ensure full, equitable, inclusive, effective, and gender-responsive representation and participation in decision-making and implementation related to biodiversity and ensure rights over relevant resources of local communities, women and girls as well as youth.","D.3 Private funding (domestic and international) on conservation and sustainable use of biodiversity and ecosystems","headline","","2022","million USD","783.21","In analyzing private sector biodiversity-related expenditures, data collection focused on the Top 100 companies identified by the Mongolian National Chamber of Commerce and Industry, as well as major mining companies. The combined revenues of Mongolia’s Top 100 enterprises account for approximately 70 percent of national GDP, indicating a high level of representativeness relative to the population of approximately 87,000 active legal entities as of 2024. Data on biodiversity-related expenditures were collected through a review of corporate social responsibility and sustainability reports, as well as publicly available information disclosed through media sources. Where such information was not available, standardized questionnaires were distributed to enterprises to collect data on biodiversity- and environment-related expenditures.",""
"28-Feb-2026 18:57","ORT-NR7ID-MN-288680-1","NT20. By 2030, ensure full, equitable, inclusive, effective, and gender-responsive representation and participation in decision-making and implementation related to biodiversity and ensure rights over relevant resources of local communities, women and girls as well as youth.","D.3 Private funding (domestic and international) on conservation and sustainable use of biodiversity and ecosystems","headline","","2021","million USD","296.99","In analyzing private sector biodiversity-related expenditures, data collection focused on the Top 100 companies identified by the Mongolian National Chamber of Commerce and Industry, as well as major mining companies. The combined revenues of Mongolia’s Top 100 enterprises account for approximately 70 percent of national GDP, indicating a high level of representativeness relative to the population of approximately 87,000 active legal entities as of 2024. Data on biodiversity-related expenditures were collected through a review of corporate social responsibility and sustainability reports, as well as publicly available information disclosed through media sources. Where such information was not available, standardized questionnaires were distributed to enterprises to collect data on biodiversity- and environment-related expenditures.",""
"28-Feb-2026 18:58","ORT-NR7ID-MN-288703-1","NT20. By 2030, ensure full, equitable, inclusive, effective, and gender-responsive representation and participation in decision-making and implementation related to biodiversity and ensure rights over relevant resources of local communities, women and girls as well as youth.","D.1 International public funding, including official development assistance for conservation and sustainable use of biodiversity and ecosystems","headline","Recipient","2015"," USD (millions) ","15.00203","",""
"28-Feb-2026 18:58","ORT-NR7ID-MN-288703-1","NT20. By 2030, ensure full, equitable, inclusive, effective, and gender-responsive representation and participation in decision-making and implementation related to biodiversity and ensure rights over relevant resources of local communities, women and girls as well as youth.","D.1 International public funding, including official development assistance for conservation and sustainable use of biodiversity and ecosystems","headline","Recipient","2019"," USD (millions) ","23.10579","",""
"28-Feb-2026 18:58","ORT-NR7ID-MN-288703-1","NT20. By 2030, ensure full, equitable, inclusive, effective, and gender-responsive representation and participation in decision-making and implementation related to biodiversity and ensure rights over relevant resources of local communities, women and girls as well as youth.","D.1 International public funding, including official development assistance for conservation and sustainable use of biodiversity and ecosystems","headline","Recipient","2016"," USD (millions) ","10.43476","",""
"28-Feb-2026 18:58","ORT-NR7ID-MN-288703-1","NT20. By 2030, ensure full, equitable, inclusive, effective, and gender-responsive representation and participation in decision-making and implementation related to biodiversity and ensure rights over relevant resources of local communities, women and girls as well as youth.","D.1 International public funding, including official development assistance for conservation and sustainable use of biodiversity and ecosystems","headline","Recipient","2022"," USD (millions) ","17.2364","",""
"28-Feb-2026 18:58","ORT-NR7ID-MN-288703-1","NT20. By 2030, ensure full, equitable, inclusive, effective, and gender-responsive representation and participation in decision-making and implementation related to biodiversity and ensure rights over relevant resources of local communities, women and girls as well as youth.","D.1 International public funding, including official development assistance for conservation and sustainable use of biodiversity and ecosystems","headline","Recipient","2021"," USD (millions) ","7.28156","",""
"28-Feb-2026 18:58","ORT-NR7ID-MN-288703-1","NT20. By 2030, ensure full, equitable, inclusive, effective, and gender-responsive representation and participation in decision-making and implementation related to biodiversity and ensure rights over relevant resources of local communities, women and girls as well as youth.","D.1 International public funding, including official development assistance for conservation and sustainable use of biodiversity and ecosystems","headline","Recipient","2020"," USD (millions) ","8.36801","",""
"28-Feb-2026 18:58","ORT-NR7ID-MN-288703-1","NT20. By 2030, ensure full, equitable, inclusive, effective, and gender-responsive representation and participation in decision-making and implementation related to biodiversity and ensure rights over relevant resources of local communities, women and girls as well as youth.","D.1 International public funding, including official development assistance for conservation and sustainable use of biodiversity and ecosystems","headline","Recipient","2018"," USD (millions) ","25.36342","",""
"28-Feb-2026 18:58","ORT-NR7ID-MN-288703-1","NT20. By 2030, ensure full, equitable, inclusive, effective, and gender-responsive representation and participation in decision-making and implementation related to biodiversity and ensure rights over relevant resources of local communities, women and girls as well as youth.","D.1 International public funding, including official development assistance for conservation and sustainable use of biodiversity and ecosystems","headline","Recipient","2017"," USD (millions) ","7.44569","",""
